name,surname,birthday,university,,,,,,,,,,,,,,,,,,,,,,
Kayson,Riggs,1995-02-12,De La Salle University Manila,,,,,,,,,,,,,,,,,,,,,,
Ezra,Mclean,1986-01-06,De La Salle University Manila,,,,,,,,,,,,,,,,,,,,,,
Whitney,Bryan,1988-02-05,De La Salle University Manila,,,,,,,,,,,,,,,,,,,,,,
Brycen,Ortega,2010-08-30,Ateneo de Manila University,,,,,,,,,,,,,,,,,,,,,,
Adele,Alexander,1988-05-06,Ateneo de Manila University,,,,,,,,,,,,,,,,,,,,,,
Sergio,Castro,1989-01-28,Ateneo de Manila University,,,,,,,,,,,,,,,,,,,,,,
Celeste,Nash,2000-12-12,Lyceum of the Philippines University,,,,,,,,,,,,,,,,,,,,,,-
Audrey,Hoffman,1997-11-08,Mapua Institute of Technology,,,,,,,,,,,,,,,,,,,,,,
Bailey,Pierce,2004-07-11,Mapua Institute of Technology,,,,,,,,,,,,,,,,,,,,,,
Miles,Farmer,2010-04-08,Mapua Institute of Technology,,,,,,,,,,,,,,,,,,,,,,
Messiah,Terry,2006-12-12,De La Salle University Manila,,,,,,,,,,,,,,,,,,,,,,
Arabella,Osborne,1993-09-27,De La Salle University Manila,,,,,,,,,,,,,,,,,,,,,,
Natalee,Navarro,2005-11-30,De La Salle University Manila,,,,,,,,,,,,,,,,,,,,,,
April,Sanchez,1999-02-15,De La Salle University Manila,,,,,,,,,,,,,,,,,,,,,,
Jose,Hodge,2004-11-17,Ateneo de Manila University,,,,,,,,,,,,,,,,,,,,,,
Cannon,Marquez,2000-07-12,Ateneo de Manila University,,,,,,,,,,,,,,,,,,,,,,
Gunner,Pennington,1990-10-23,University of Santo Tomas,,,,,,,,,,,,,,,,,,,,,,
Jordan,Wiley,2007-09-01,University of Santo Tomas,,,,,,,,,,,,,,,,,,,,,,
Raven,Avila,2008-01-13,De La Salle University Manila,,,,,,,,,,,,,,,,,,,,,,
Ryan,Gentry,1993-05-04,Mapua Institute of Technology,,,,,,,,,,,,,,,,,,,,,,
Alia,Callahan,1995-06-23,University of the Philippines,,,,,,,,,,,,,,,,,,,,,,
Tiana,Patterson,2007-02-17,Lyceum of the Philippines University,,,,,,,,,,,,,,,,,,,,,,
Aubri,Gutierrez,1989-02-19,University of Santo Tomas,,,,,,,,,,,,,,,,,,,,,,
Valentina,Mack,1996-05-21,University of Santo Tomas,,,,,,,,,,,,,,,,,,,,,,
Darwin,Winters,1988-01-14,De La Salle University Manila,,,,,,,,,,,,,,,,,,,,,,
Zain,Spencer,1986-08-25,De La Salle University Manila,,,,,,,,,,,,,,,,,,,,,,
Tatiana,Mcneil,1994-08-03,University of Santo Tomas,,,,,,,,,,,,,,,,,,,,,,
Yehuda,Griffith,1999-08-14,University of the Philippines,,,,,,,,,,,,,,,,,,,,,,
Cecelia,Rhodes,1992-03-25,Lyceum of the Philippines University,,,,,,,,,,,,,,,,,,,,,,
Olivia,Hodge,1994-06-26,Lyceum of the Philippines University,,,,,,,,,,,,,,,,,,,,,,
Leslie,Sparks,1998-09-06,University of the Philippines,,,,,,,,,,,,,,,,,,,,,,
Hank,Lloyd,1988-06-02,Lyceum of the Philippines University,,,,,,,,,,,,,,,,,,,,,,
Leighton,Daniel,1993-01-07,Lyceum of the Philippines University,,,,,,,,,,,,,,,,,,,,,,
Madisyn,Barrera,1996-11-11,University of the Philippines,,,,,,,,,,,,,,,,,,,,,,
Priscilla,Snow,1989-06-16,Systems Technology Insttitute,,,,,,,,,,,,,,,,,,,,,,
Kenzie,Dejesus,1985-07-09,Systems Technology Insttitute,,,,,,,,,,,,,,,,,,,,,,
Braylin,Reese,1985-05-10,Systems Technology Insttitute,,,,,,,,,,,,,,,,,,,,,,
Major,Gilmore,1995-05-06,University of the Philippines,,,,,,,,,,,,,,,,,,,,,,
Amiya,Mccoy,1999-09-07,University of the Philippines,,,,,,,,,,,,,,,,,,,,,,
Angel,Chan,2002-04-03,University of the Philippines,,,,,,,,,,,,,,,,,,,,,,
Michael,Fuentes,2006-09-09,Lyceum of the Philippines University,,,,,,,,,,,,,,,,,,,,,,
Lina,Carson,2009-11-12,Systems Technology Insttitute,,,,,,,,,,,,,,,,,,,,,,
Emilie,Joyce,1992-10-05,De La Salle University Manila,,,,,,,,,,,,,,,,,,,,,,
Ruben,Dennis,1998-04-12,Ateneo de Manila University,,,,,,,,,,,,,,,,,,,,,,
Ryder,Leach,1992-02-25,Ateneo de Manila University,,,,,,,,,,,,,,,,,,,,,,
Rihanna,Blair,2004-07-25,Systems Technology Insttitute,,,,,,,,,,,,,,,,,,,,,,
Jolene,Rice,1990-09-02,Systems Technology Insttitute,,,,,,,,,,,,,,,,,,,,,,
Shelby,Stein,1997-03-30,Mapua Institute of Technology,,,,,,,,,,,,,,,,,,,,,,
Charlee,Nicholson,2004-11-11,Lyceum of the Philippines University,,,,,,,,,,,,,,,,,,,,,,
Breanna,Hughes,2007-03-09,De La Salle University Manila,,,,,,,,,,,,,,,,,,,,,,
Tate,Chapman,1995-06-07,Ateneo de Manila University,,,,,,,,,,,,,,,,,,,,,,
Kyndall,Garrison,1993-10-10,Ateneo de Manila University,,,,,,,,,,,,,,,,,,,,,,
April,Warren,1995-09-03,Ateneo de Manila University,,,,,,,,,,,,,,,,,,,,,,
Skylar,Oconnor,1996-09-26,Ateneo de Manila University,,,,,,,,,,,,,,,,,,,,,,
Alaya,Ryan,1996-04-07,Ateneo de Manila University,,,,,,,,,,,,,,,,,,,,,,
Lawrence,Cohen,1992-05-20,Ateneo de Manila University,,,,,,,,,,,,,,,,,,,,,,
Marlon,Cantu,1994-07-17,Ateneo de Manila University,,,,,,,,,,,,,,,,,,,,,,
Penelope,Nguyen,1998-04-26,Ateneo de Manila University,,,,,,,,,,,,,,,,,,,,,,
Clara,Barrera,1996-05-14,Ateneo de Manila University,,,,,,,,,,,,,,,,,,,,,,
Will,Dickson,1997-07-15,Ateneo de Manila University,,,,,,,,,,,,,,,,,,,,,,
Sarai,Atkinson,1994-08-08,Ateneo de Manila University,,,,,,,,,,,,,,,,,,,,,,
Mia,Roach,1998-12-25,Ateneo de Manila University,,,,,,,,,,,,,,,,,,,,,,
Skyla,Johnson,1998-04-30,Ateneo de Manila University,,,,,,,,,,,,,,,,,,,,,,
Elyse,Noel,1995-06-05,Ateneo de Manila University,,,,,,,,,,,,,,,,,,,,,,
Madison,Burns,1997-04-20,Ateneo de Manila University,,,,,,,,,,,,,,,,,,,,,,
Lilliana,Warner,1996-03-13,Ateneo de Manila University,,,,,,,,,,,,,,,,,,,,,,
Branson,Joyner,1994-06-16,Ateneo de Manila University,,,,,,,,,,,,,,,,,,,,,,
Stella,Rivas,1996-05-12,Ateneo de Manila University,,,,,,,,,,,,,,,,,,,,,,
Marc,Clayton,1998-01-05,Ateneo de Manila University,,,,,,,,,,,,,,,,,,,,,,
Dax,Barnes,1994-08-19,Ateneo de Manila University,,,,,,,,,,,,,,,,,,,,,,
Vanessa,Lloyd,1998-09-22,Ateneo de Manila University,,,,,,,,,,,,,,,,,,,,,,
Erica,Cummings,1995-02-09,Ateneo de Manila University,,,,,,,,,,,,,,,,,,,,,,
Clark,Garcia,1998-07-08,Ateneo de Manila University,,,,,,,,,,,,,,,,,,,,,,
Bruce,Franco,1992-07-02,Ateneo de Manila University,,,,,,,,,,,,,,,,,,,,,,
Chana,Collier,1993-03-28,Ateneo de Manila University,,,,,,,,,,,,,,,,,,,,,,
Mitchell,Underwood,1994-06-14,Ateneo de Manila University,,,,,,,,,,,,,,,,,,,,,,
Annabelle,Sweet,1995-09-18,Ateneo de Manila University,,,,,,,,,,,,,,,,,,,,,,
Morgan,Sims,1993-11-12,Ateneo de Manila University,,,,,,,,,,,,,,,,,,,,,,
Dylan,Hurley,1996-06-18,Ateneo de Manila University,,,,,,,,,,,,,,,,,,,,,,
Michelle,Pearson,1994-02-03,Ateneo de Manila University,,,,,,,,,,,,,,,,,,,,,,
Lillianna,Cervantes,1995-04-11,Ateneo de Manila University,,,,,,,,,,,,,,,,,,,,,,
Kenzie,Conrad,1995-04-20,Ateneo de Manila University,,,,,,,,,,,,,,,,,,,,,,
Vincent,Walter,1996-11-19,Ateneo de Manila University,,,,,,,,,,,,,,,,,,,,,,
Enrique,Dalton,1996-03-11,Ateneo de Manila University,,,,,,,,,,,,,,,,,,,,,,
Scarlet,Mcclain,1994-06-13,Ateneo de Manila University,,,,,,,,,,,,,,,,,,,,,,
Alyson,Church,1996-04-20,Ateneo de Manila University,,,,,,,,,,,,,,,,,,,,,,
Abel,Dixon,1996-11-09,Ateneo de Manila University,,,,,,,,,,,,,,,,,,,,,,
Callan,Melton,1993-11-26,Ateneo de Manila University,,,,,,,,,,,,,,,,,,,,,,
Chase,Wade,1994-04-13,Ateneo de Manila University,,,,,,,,,,,,,,,,,,,,,,
Amya,Wilkins,1992-07-12,Ateneo de Manila University,,,,,,,,,,,,,,,,,,,,,,
Luciano,Moreno,1994-10-01,Ateneo de Manila University,,,,,,,,,,,,,,,,,,,,,,
Shaniya,Pittman,1994-06-22,Ateneo de Manila University,,,,,,,,,,,,,,,,,,,,,,
Danika,Snyder,1996-09-14,Ateneo de Manila University,,,,,,,,,,,,,,,,,,,,,,
Grayson,Ward,1998-01-11,Ateneo de Manila University,,,,,,,,,,,,,,,,,,,,,,
Rex,Odom,1998-07-27,Ateneo de Manila University,,,,,,,,,,,,,,,,,,,,,,
Makayla,Wright,1998-12-03,Ateneo de Manila University,,,,,,,,,,,,,,,,,,,,,,
Kamron,Dominguez,1998-01-15,Ateneo de Manila University,,,,,,,,,,,,,,,,,,,,,,
Dominik,Kaufman,1996-02-09,Ateneo de Manila University,,,,,,,,,,,,,,,,,,,,,,
Kylan,Booker,1995-05-12,Ateneo de Manila University,,,,,,,,,,,,,,,,,,,,,,
Demarcus,Mcneil,1997-07-04,Ateneo de Manila University,,,,,,,,,,,,,,,,,,,,,,
Jagger,Collier,1996-12-11,Ateneo de Manila University,,,,,,,,,,,,,,,,,,,,,,
Amelia,Stephens,1996-07-17,Ateneo de Manila University,,,,,,,,,,,,,,,,,,,,,,
Halle,Pickett,1998-12-12,Ateneo de Manila University,,,,,,,,,,,,,,,,,,,,,,
Jade,Workman,1992-12-27,Ateneo de Manila University,,,,,,,,,,,,,,,,,,,,,,
Brycen,Figueroa,1993-09-12,Ateneo de Manila University,,,,,,,,,,,,,,,,,,,,,,
Stacy,Poole,1998-06-15,Ateneo de Manila University,,,,,,,,,,,,,,,,,,,,,,
April,Gibson,1996-02-22,Ateneo de Manila University,,,,,,,,,,,,,,,,,,,,,,
Kyra,Cain,1994-06-08,Ateneo de Manila University,,,,,,,,,,,,,,,,,,,,,,
Fabian,Shields,1994-01-28,Ateneo de Manila University,,,,,,,,,,,,,,,,,,,,,,
Armando,Pickett,1997-09-17,Ateneo de Manila University,,,,,,,,,,,,,,,,,,,,,,
Zion,Craft,1992-10-14,Ateneo de Manila University,,,,,,,,,,,,,,,,,,,,,,
Ayaan,Mullins,1996-03-31,Ateneo de Manila University,,,,,,,,,,,,,,,,,,,,,,
Marisol,Graham,1995-02-26,Ateneo de Manila University,,,,,,,,,,,,,,,,,,,,,,
Titus,Chavez,1993-08-04,Ateneo de Manila University,,,,,,,,,,,,,,,,,,,,,,
Giancarlo,Sutton,1997-08-13,Ateneo de Manila University,,,,,,,,,,,,,,,,,,,,,,
Sebastian,Sandoval,1996-02-25,Ateneo de Manila University,,,,,,,,,,,,,,,,,,,,,,
Mustafa,Adams,1994-01-03,Ateneo de Manila University,,,,,,,,,,,,,,,,,,,,,,
Logan,Simon,1997-07-30,Ateneo de Manila University,,,,,,,,,,,,,,,,,,,,,,
Raquel,Koch,1997-12-28,Ateneo de Manila University,,,,,,,,,,,,,,,,,,,,,,
Hugo,Gomez,1995-06-17,Ateneo de Manila University,,,,,,,,,,,,,,,,,,,,,,
Colin,Farrell,1992-04-19,Ateneo de Manila University,,,,,,,,,,,,,,,,,,,,,,
Yahir,Conley,1995-05-04,Ateneo de Manila University,,,,,,,,,,,,,,,,,,,,,,
Cali,Stout,1998-01-10,Ateneo de Manila University,,,,,,,,,,,,,,,,,,,,,,
Enzo,Pierce,1994-10-29,Ateneo de Manila University,,,,,,,,,,,,,,,,,,,,,,
Malia,Goff,1992-07-19,Ateneo de Manila University,,,,,,,,,,,,,,,,,,,,,,
Myles,Palmer,1997-05-16,Ateneo de Manila University,,,,,,,,,,,,,,,,,,,,,,
Briella,Montoya,1996-01-07,Ateneo de Manila University,,,,,,,,,,,,,,,,,,,,,,
Alessandro,Macias,1993-03-05,Ateneo de Manila University,,,,,,,,,,,,,,,,,,,,,,
Malcolm,Crosby,1994-05-24,Ateneo de Manila University,,,,,,,,,,,,,,,,,,,,,,
Makayla,Andrews,1997-08-13,Ateneo de Manila University,,,,,,,,,,,,,,,,,,,,,,
Kody,Nash,1995-12-17,Ateneo de Manila University,,,,,,,,,,,,,,,,,,,,,,
Aidan,Anthony,1993-05-09,Ateneo de Manila University,,,,,,,,,,,,,,,,,,,,,,
Brenden,Jenkins,1992-10-08,Ateneo de Manila University,,,,,,,,,,,,,,,,,,,,,,
Leo,Guy,1992-04-10,Ateneo de Manila University,,,,,,,,,,,,,,,,,,,,,,
Simon,Wilder,1997-04-06,Ateneo de Manila University,,,,,,,,,,,,,,,,,,,,,,
Haven,Blake,1992-05-19,Ateneo de Manila University,,,,,,,,,,,,,,,,,,,,,,
Jasmin,Dotson,1998-04-21,Ateneo de Manila University,,,,,,,,,,,,,,,,,,,,,,
Otto,Farley,1994-03-09,Ateneo de Manila University,,,,,,,,,,,,,,,,,,,,,,
Nathanael,Frederick,1994-08-05,Ateneo de Manila University,,,,,,,,,,,,,,,,,,,,,,
Emersyn,Roman,1998-03-25,Ateneo de Manila University,,,,,,,,,,,,,,,,,,,,,,
Sarahi,Compton,1995-08-07,Ateneo de Manila University,,,,,,,,,,,,,,,,,,,,,,
Steve,Burt,1994-10-31,Ateneo de Manila University,,,,,,,,,,,,,,,,,,,,,,
Coleman,Stark,1997-08-22,Ateneo de Manila University,,,,,,,,,,,,,,,,,,,,,,
Mason,Blevins,1997-07-10,Ateneo de Manila University,,,,,,,,,,,,,,,,,,,,,,
Ayanna,Mcknight,1994-12-06,Ateneo de Manila University,,,,,,,,,,,,,,,,,,,,,,
Cole,Kent,1993-05-12,Ateneo de Manila University,,,,,,,,,,,,,,,,,,,,,,
Jordyn,Madden,1993-05-29,Ateneo de Manila University,,,,,,,,,,,,,,,,,,,,,,
Adelaide,Nelson,1996-07-26,Ateneo de Manila University,,,,,,,,,,,,,,,,,,,,,,
Kinsey,England,1997-08-17,Ateneo de Manila University,,,,,,,,,,,,,,,,,,,,,,
Ashlynn,Dillon,1992-12-16,Ateneo de Manila University,,,,,,,,,,,,,,,,,,,,,,
Marissa,Bright,1993-09-05,Ateneo de Manila University,,,,,,,,,,,,,,,,,,,,,,
Paisley,Carpenter,1994-06-30,Ateneo de Manila University,,,,,,,,,,,,,,,,,,,,,,
Aliyah,Carrillo,1993-06-01,Ateneo de Manila University,,,,,,,,,,,,,,,,,,,,,,
Ishaan,Hodges,1995-05-25,Ateneo de Manila University,,,,,,,,,,,,,,,,,,,,,,
Brody,Carroll,1995-07-20,Ateneo de Manila University,,,,,,,,,,,,,,,,,,,,,,
Holly,Mccray,1995-09-07,Ateneo de Manila University,,,,,,,,,,,,,,,,,,,,,,
Delilah,Lynch,1994-03-30,Ateneo de Manila University,,,,,,,,,,,,,,,,,,,,,,
Rayna,Roman,1995-01-23,Ateneo de Manila University,,,,,,,,,,,,,,,,,,,,,,
Payten,Wilkins,1994-09-04,Ateneo de Manila University,,,,,,,,,,,,,,,,,,,,,,
Amari,Owen,1994-12-12,Ateneo de Manila University,,,,,,,,,,,,,,,,,,,,,,
Dennis,Warren,1996-10-14,Ateneo de Manila University,,,,,,,,,,,,,,,,,,,,,,
Paityn,Wilcox,1996-12-16,Ateneo de Manila University,,,,,,,,,,,,,,,,,,,,,,
Jaydin,Whitehead,1992-07-14,Ateneo de Manila University,,,,,,,,,,,,,,,,,,,,,,
Rowen,Hurley,1992-07-01,Ateneo de Manila University,,,,,,,,,,,,,,,,,,,,,,
Emely,Mcgowan,1995-01-04,Ateneo de Manila University,,,,,,,,,,,,,,,,,,,,,,
Alexis,Shaffer,1997-11-12,Ateneo de Manila University,,,,,,,,,,,,,,,,,,,,,,
Jaylyn,Delacruz,1996-07-29,Ateneo de Manila University,,,,,,,,,,,,,,,,,,,,,,
Kaelynn,Garza,1996-05-10,Ateneo de Manila University,,,,,,,,,,,,,,,,,,,,,,
Leanna,Fernandez,1992-01-27,Ateneo de Manila University,,,,,,,,,,,,,,,,,,,,,,
Elena,Vaughn,1996-06-06,Ateneo de Manila University,,,,,,,,,,,,,,,,,,,,,,
Gia,Benjamin,1995-01-01,Ateneo de Manila University,,,,,,,,,,,,,,,,,,,,,,
Natalie,Parsons,1992-01-08,Ateneo de Manila University,,,,,,,,,,,,,,,,,,,,,,
Vivienne,Jennings,1994-07-12,Ateneo de Manila University,,,,,,,,,,,,,,,,,,,,,,
Kayden,Smith,1998-12-15,Ateneo de Manila University,,,,,,,,,,,,,,,,,,,,,,
Lylah,Wilder,1995-03-19,Ateneo de Manila University,,,,,,,,,,,,,,,,,,,,,,
Jaxson,Sloan,1993-02-20,Ateneo de Manila University,,,,,,,,,,,,,,,,,,,,,,
Roy,Grimes,1993-08-12,Ateneo de Manila University,,,,,,,,,,,,,,,,,,,,,,
Bradyn,Jacobs,1993-11-05,Ateneo de Manila University,,,,,,,,,,,,,,,,,,,,,,
Abdiel,Holden,1997-03-21,Ateneo de Manila University,,,,,,,,,,,,,,,,,,,,,,
Cecelia,Mcknight,1996-04-24,Ateneo de Manila University,,,,,,,,,,,,,,,,,,,,,,
Lucy,Foster,1995-07-19,Ateneo de Manila University,,,,,,,,,,,,,,,,,,,,,,
Bradley,Golden,1998-01-29,Ateneo de Manila University,,,,,,,,,,,,,,,,,,,,,,
Jordynn,Wilcox,1998-12-03,Ateneo de Manila University,,,,,,,,,,,,,,,,,,,,,,
Jaylynn,Sawyer,1995-11-17,Ateneo de Manila University,,,,,,,,,,,,,,,,,,,,,,
Franco,Baker,1992-03-30,Ateneo de Manila University,,,,,,,,,,,,,,,,,,,,,,
Zaiden,Frye,1996-08-09,Ateneo de Manila University,,,,,,,,,,,,,,,,,,,,,,
Kason,Vaughan,1994-11-01,Ateneo de Manila University,,,,,,,,,,,,,,,,,,,,,,
Kaya,Jacobs,1996-06-21,Ateneo de Manila University,,,,,,,,,,,,,,,,,,,,,,
Kolby,Mckenzie,1993-04-22,Ateneo de Manila University,,,,,,,,,,,,,,,,,,,,,,
Aydan,Phelps,1995-01-07,Ateneo de Manila University,,,,,,,,,,,,,,,,,,,,,,
Salvador,Valdez,1992-05-31,Ateneo de Manila University,,,,,,,,,,,,,,,,,,,,,,
Alisson,Livingston,1998-07-14,Ateneo de Manila University,,,,,,,,,,,,,,,,,,,,,,
Evelynn,Gay,1994-06-24,Ateneo de Manila University,,,,,,,,,,,,,,,,,,,,,,
Haven,Fulton,1993-09-18,Ateneo de Manila University,,,,,,,,,,,,,,,,,,,,,,
Noah,Wade,1994-01-15,Ateneo de Manila University,,,,,,,,,,,,,,,,,,,,,,
Bridger,Alvarado,1998-09-02,Ateneo de Manila University,,,,,,,,,,,,,,,,,,,,,,
Gloria,Maldonado,1996-12-07,Ateneo de Manila University,,,,,,,,,,,,,,,,,,,,,,
Layton,Sherman,1994-02-08,Ateneo de Manila University,,,,,,,,,,,,,,,,,,,,,,
Malia,Harper,1994-09-16,Ateneo de Manila University,,,,,,,,,,,,,,,,,,,,,,
Desmond,Williams,1992-08-03,Ateneo de Manila University,,,,,,,,,,,,,,,,,,,,,,
Jamison,Martin,1994-11-17,Ateneo de Manila University,,,,,,,,,,,,,,,,,,,,,,
Anya,Stuart,1993-08-08,Ateneo de Manila University,,,,,,,,,,,,,,,,,,,,,,
Alden,Franco,1993-02-17,Ateneo de Manila University,,,,,,,,,,,,,,,,,,,,,,
Draven,Workman,1993-03-08,Ateneo de Manila University,,,,,,,,,,,,,,,,,,,,,,
Armani,Deleon,1993-10-15,Ateneo de Manila University,,,,,,,,,,,,,,,,,,,,,,
Sean,Cannon,1993-04-12,Ateneo de Manila University,,,,,,,,,,,,,,,,,,,,,,
Paige,Owen,1992-09-05,Ateneo de Manila University,,,,,,,,,,,,,,,,,,,,,,
Madelyn,Jacobs,1994-12-15,Ateneo de Manila University,,,,,,,,,,,,,,,,,,,,,,
Kasen,Hyde,1992-04-04,Ateneo de Manila University,,,,,,,,,,,,,,,,,,,,,,
Tristian,Ballard,1998-12-21,Ateneo de Manila University,,,,,,,,,,,,,,,,,,,,,,
Casey,Daugherty,1998-01-03,Ateneo de Manila University,,,,,,,,,,,,,,,,,,,,,,
Stacy,Stevens,1998-09-14,Ateneo de Manila University,,,,,,,,,,,,,,,,,,,,,,
Ishaan,Robertson,1992-08-04,Ateneo de Manila University,,,,,,,,,,,,,,,,,,,,,,
Abbey,Todd,1995-11-28,Ateneo de Manila University,,,,,,,,,,,,,,,,,,,,,,
Mollie,Craig,1998-03-02,Ateneo de Manila University,,,,,,,,,,,,,,,,,,,,,,
Robert,Ball,1996-01-17,Ateneo de Manila University,,,,,,,,,,,,,,,,,,,,,,
Rey,Barker,1995-09-01,Ateneo de Manila University,,,,,,,,,,,,,,,,,,,,,,
Brynlee,Jarvis,1995-06-17,Ateneo de Manila University,,,,,,,,,,,,,,,,,,,,,,
Fiona,Duncan,1996-11-21,Ateneo de Manila University,,,,,,,,,,,,,,,,,,,,,,
Edgar,Gibson,1995-11-23,Ateneo de Manila University,,,,,,,,,,,,,,,,,,,,,,
Scarlet,Patterson,1998-12-22,Ateneo de Manila University,,,,,,,,,,,,,,,,,,,,,,
Lina,Mays,1997-04-13,Ateneo de Manila University,,,,,,,,,,,,,,,,,,,,,,
Annie,Cantu,1997-06-11,Ateneo de Manila University,,,,,,,,,,,,,,,,,,,,,,
Lylah,Carney,1994-07-17,Ateneo de Manila University,,,,,,,,,,,,,,,,,,,,,,
Paisley,Owens,1998-09-30,Ateneo de Manila University,,,,,,,,,,,,,,,,,,,,,,
Maxx,Craft,1998-03-01,Ateneo de Manila University,,,,,,,,,,,,,,,,,,,,,,
Camden,Short,1995-10-19,Ateneo de Manila University,,,,,,,,,,,,,,,,,,,,,,
Joe,Morgan,1993-04-08,Ateneo de Manila University,,,,,,,,,,,,,,,,,,,,,,
Lorenzo,Kirk,1993-06-04,Ateneo de Manila University,,,,,,,,,,,,,,,,,,,,,,
Tyler,Lara,1998-06-19,Ateneo de Manila University,,,,,,,,,,,,,,,,,,,,,,
Damon,Leon,1992-07-23,Ateneo de Manila University,,,,,,,,,,,,,,,,,,,,,,
Coen,Oneill,1998-12-04,Ateneo de Manila University,,,,,,,,,,,,,,,,,,,,,,
Joyce,Cortez,1995-01-30,Ateneo de Manila University,,,,,,,,,,,,,,,,,,,,,,
Darwin,Davenport,1992-06-30,Ateneo de Manila University,,,,,,,,,,,,,,,,,,,,,,
Ayleen,Elliott,1996-04-06,Ateneo de Manila University,,,,,,,,,,,,,,,,,,,,,,
Yosef,Atkins,1996-07-01,Ateneo de Manila University,,,,,,,,,,,,,,,,,,,,,,
Cooper,Church,1997-12-04,Ateneo de Manila University,,,,,,,,,,,,,,,,,,,,,,
Andres,Yang,1994-12-08,Ateneo de Manila University,,,,,,,,,,,,,,,,,,,,,,
Kendra,Dalton,1993-10-22,Ateneo de Manila University,,,,,,,,,,,,,,,,,,,,,,
Clara,Suarez,1997-03-18,Ateneo de Manila University,,,,,,,,,,,,,,,,,,,,,,
Harley,Conley,1992-07-30,Ateneo de Manila University,,,,,,,,,,,,,,,,,,,,,,
Samir,Hansen,1993-07-24,Ateneo de Manila University,,,,,,,,,,,,,,,,,,,,,,
Leo,Kerr,1993-09-08,Ateneo de Manila University,,,,,,,,,,,,,,,,,,,,,,
John,Faulkner,1997-02-26,Ateneo de Manila University,,,,,,,,,,,,,,,,,,,,,,
Matilda,Baird,1993-11-08,Ateneo de Manila University,,,,,,,,,,,,,,,,,,,,,,
Cristian,Mcmahon,1993-04-08,Ateneo de Manila University,,,,,,,,,,,,,,,,,,,,,,
Deborah,Williamson,1998-02-08,Ateneo de Manila University,,,,,,,,,,,,,,,,,,,,,,
Jayde,Church,1995-08-28,Ateneo de Manila University,,,,,,,,,,,,,,,,,,,,,,
Zayden,Leach,1996-10-28,Ateneo de Manila University,,,,,,,,,,,,,,,,,,,,,,
Lainey,Maddox,1994-03-22,Ateneo de Manila University,,,,,,,,,,,,,,,,,,,,,,
Lucille,Harrington,1998-05-26,Ateneo de Manila University,,,,,,,,,,,,,,,,,,,,,,
Bristol,Cox,1998-01-03,Ateneo de Manila University,,,,,,,,,,,,,,,,,,,,,,
Case,Booth,1995-10-05,Ateneo de Manila University,,,,,,,,,,,,,,,,,,,,,,
Alvin,Dean,1993-06-18,Ateneo de Manila University,,,,,,,,,,,,,,,,,,,,,,
Keenan,Salazar,1992-02-21,Ateneo de Manila University,,,,,,,,,,,,,,,,,,,,,,
Kamari,Ferrell,1992-10-14,Ateneo de Manila University,,,,,,,,,,,,,,,,,,,,,,
Rory,Coleman,1994-03-05,Ateneo de Manila University,,,,,,,,,,,,,,,,,,,,,,
Kimber,Hampton,1996-10-15,Ateneo de Manila University,,,,,,,,,,,,,,,,,,,,,,
Zander,Becker,1994-07-21,Ateneo de Manila University,,,,,,,,,,,,,,,,,,,,,,
Tatum,Avila,1993-07-15,Ateneo de Manila University,,,,,,,,,,,,,,,,,,,,,,
Messiah,Reeves,1996-04-11,Ateneo de Manila University,,,,,,,,,,,,,,,,,,,,,,
Gilbert,Reynolds,1995-02-23,Ateneo de Manila University,,,,,,,,,,,,,,,,,,,,,,
Pierre,Crane,1995-08-05,Ateneo de Manila University,,,,,,,,,,,,,,,,,,,,,,
Audrianna,Knight,1995-10-19,Ateneo de Manila University,,,,,,,,,,,,,,,,,,,,,,
Eliseo,Jordan,1995-08-09,Ateneo de Manila University,,,,,,,,,,,,,,,,,,,,,,
Penelope,Pate,1992-06-28,Ateneo de Manila University,,,,,,,,,,,,,,,,,,,,,,
Kendal,Rogers,1998-10-27,Ateneo de Manila University,,,,,,,,,,,,,,,,,,,,,,
Jackson,Gilliam,1995-01-24,Ateneo de Manila University,,,,,,,,,,,,,,,,,,,,,,
Jasmin,Blackburn,1993-10-12,Ateneo de Manila University,,,,,,,,,,,,,,,,,,,,,,
Aleena,Rodriguez,1994-12-24,Ateneo de Manila University,,,,,,,,,,,,,,,,,,,,,,
Jermaine,Schultz,1995-05-21,Ateneo de Manila University,,,,,,,,,,,,,,,,,,,,,,
Julie,Weber,1995-10-14,Ateneo de Manila University,,,,,,,,,,,,,,,,,,,,,,
Kylah,Oneal,1996-01-17,Ateneo de Manila University,,,,,,,,,,,,,,,,,,,,,,
Zion,Puckett,1995-02-08,Ateneo de Manila University,,,,,,,,,,,,,,,,,,,,,,
Kamden,Lynn,1995-09-14,Ateneo de Manila University,,,,,,,,,,,,,,,,,,,,,,
Jaden,Blevins,1994-11-09,Ateneo de Manila University,,,,,,,,,,,,,,,,,,,,,,
Jay,Hodge,1997-07-03,Ateneo de Manila University,,,,,,,,,,,,,,,,,,,,,,
Kendal,Mcfadden,1992-11-27,Ateneo de Manila University,,,,,,,,,,,,,,,,,,,,,,
Mallory,Branch,1994-12-08,Ateneo de Manila University,,,,,,,,,,,,,,,,,,,,,,
Saniyah,Dickerson,1993-02-14,Ateneo de Manila University,,,,,,,,,,,,,,,,,,,,,,
Brendan,Hays,1998-06-11,Ateneo de Manila University,,,,,,,,,,,,,,,,,,,,,,
Cooper,Meyers,1992-06-26,Ateneo de Manila University,,,,,,,,,,,,,,,,,,,,,,
Renee,Perez,1993-05-26,Ateneo de Manila University,,,,,,,,,,,,,,,,,,,,,,
Dallas,Barnes,1993-04-20,Ateneo de Manila University,,,,,,,,,,,,,,,,,,,,,,
Annabella,Livingston,1993-05-01,Ateneo de Manila University,,,,,,,,,,,,,,,,,,,,,,
Jeffery,Delgado,1998-10-11,Ateneo de Manila University,,,,,,,,,,,,,,,,,,,,,,
Katie,Buckley,1997-08-06,Ateneo de Manila University,,,,,,,,,,,,,,,,,,,,,,
Blake,Harvey,1994-04-20,Ateneo de Manila University,,,,,,,,,,,,,,,,,,,,,,
Zaniyah,Dodson,1995-04-16,Ateneo de Manila University,,,,,,,,,,,,,,,,,,,,,,
Madeline,Jennings,1992-03-10,Ateneo de Manila University,,,,,,,,,,,,,,,,,,,,,,
Bridger,Holden,1996-02-11,Ateneo de Manila University,,,,,,,,,,,,,,,,,,,,,,
Leigha,Foreman,1996-10-12,Ateneo de Manila University,,,,,,,,,,,,,,,,,,,,,,
Dawson,Collins,1997-04-21,Ateneo de Manila University,,,,,,,,,,,,,,,,,,,,,,
Kyla,Graham,1998-10-29,Ateneo de Manila University,,,,,,,,,,,,,,,,,,,,,,
Kendal,Mason,1994-05-25,Ateneo de Manila University,,,,,,,,,,,,,,,,,,,,,,
Bradley,Avila,1995-01-22,Ateneo de Manila University,,,,,,,,,,,,,,,,,,,,,,
Maximus,Ashley,1993-03-23,Ateneo de Manila University,,,,,,,,,,,,,,,,,,,,,,
Brooklynn,Cantu,1996-11-09,Ateneo de Manila University,,,,,,,,,,,,,,,,,,,,,,
Luke,Watson,1992-01-27,Ateneo de Manila University,,,,,,,,,,,,,,,,,,,,,,
Millie,Mathews,1992-06-10,Ateneo de Manila University,,,,,,,,,,,,,,,,,,,,,,
Zachery,Carpenter,1994-02-02,Ateneo de Manila University,,,,,,,,,,,,,,,,,,,,,,
Dario,Long,1995-07-31,Ateneo de Manila University,,,,,,,,,,,,,,,,,,,,,,
Liliana,Carson,1998-12-03,Ateneo de Manila University,,,,,,,,,,,,,,,,,,,,,,
Rowan,Decker,1995-09-11,Ateneo de Manila University,,,,,,,,,,,,,,,,,,,,,,
Regan,Stein,1995-02-18,Ateneo de Manila University,,,,,,,,,,,,,,,,,,,,,,
Diya,Hewitt,1992-10-01,Ateneo de Manila University,,,,,,,,,,,,,,,,,,,,,,
Anderson,Bruce,1998-02-05,Ateneo de Manila University,,,,,,,,,,,,,,,,,,,,,,
Camren,Bradley,1992-12-19,Ateneo de Manila University,,,,,,,,,,,,,,,,,,,,,,
Kaitlynn,Greene,1997-09-25,Ateneo de Manila University,,,,,,,,,,,,,,,,,,,,,,
Davon,Powell,1994-07-31,Ateneo de Manila University,,,,,,,,,,,,,,,,,,,,,,
Connor,Head,1992-12-06,Ateneo de Manila University,,,,,,,,,,,,,,,,,,,,,,
Cooper,Ayers,1992-10-03,Ateneo de Manila University,,,,,,,,,,,,,,,,,,,,,,
Evelynn,Roman,1995-10-04,Ateneo de Manila University,,,,,,,,,,,,,,,,,,,,,,
Maya,Parrish,1998-07-15,Ateneo de Manila University,,,,,,,,,,,,,,,,,,,,,,
Carley,Peters,1994-01-19,Ateneo de Manila University,,,,,,,,,,,,,,,,,,,,,,
Kenley,Mercado,1998-12-29,Ateneo de Manila University,,,,,,,,,,,,,,,,,,,,,,
Makayla,Reyes,1994-11-29,Ateneo de Manila University,,,,,,,,,,,,,,,,,,,,,,
Kyson,Hawkins,1992-04-30,Ateneo de Manila University,,,,,,,,,,,,,,,,,,,,,,
Tyrone,Harding,1995-08-06,Ateneo de Manila University,,,,,,,,,,,,,,,,,,,,,,
Santiago,Morrison,1993-10-02,Ateneo de Manila University,,,,,,,,,,,,,,,,,,,,,,
Brendon,Ortega,1998-05-28,Ateneo de Manila University,,,,,,,,,,,,,,,,,,,,,,
Aubri,Byers,1996-11-10,Ateneo de Manila University,,,,,,,,,,,,,,,,,,,,,,
Marissa,Larson,1998-01-31,Ateneo de Manila University,,,,,,,,,,,,,,,,,,,,,,
Raven,Burgess,1998-03-30,Ateneo de Manila University,,,,,,,,,,,,,,,,,,,,,,
Micah,Pollard,1998-01-03,Ateneo de Manila University,,,,,,,,,,,,,,,,,,,,,,
Caylee,Heath,1994-08-20,Ateneo de Manila University,,,,,,,,,,,,,,,,,,,,,,
Emelia,Sawyer,1992-05-10,Ateneo de Manila University,,,,,,,,,,,,,,,,,,,,,,
Charles,Alvarez,1996-09-06,Ateneo de Manila University,,,,,,,,,,,,,,,,,,,,,,
Brendon,Alvarado,1998-10-02,Ateneo de Manila University,,,,,,,,,,,,,,,,,,,,,,
Leanna,Duffy,1997-03-28,Ateneo de Manila University,,,,,,,,,,,,,,,,,,,,,,
Sabrina,Green,1996-10-25,Ateneo de Manila University,,,,,,,,,,,,,,,,,,,,,,
Violet,Glass,1994-07-02,Ateneo de Manila University,,,,,,,,,,,,,,,,,,,,,,
Kamden,Oliver,1998-01-24,Ateneo de Manila University,,,,,,,,,,,,,,,,,,,,,,
Siena,Frost,1994-05-26,Ateneo de Manila University,,,,,,,,,,,,,,,,,,,,,,
Skylar,Preston,1997-12-02,Ateneo de Manila University,,,,,,,,,,,,,,,,,,,,,,
Raymond,Morin,1995-11-02,Ateneo de Manila University,,,,,,,,,,,,,,,,,,,,,,
Samson,Carlson,1995-06-07,Ateneo de Manila University,,,,,,,,,,,,,,,,,,,,,,
Bryce,Bowers,1994-01-04,Ateneo de Manila University,,,,,,,,,,,,,,,,,,,,,,
Kimberly,Chambers,1997-03-18,Ateneo de Manila University,,,,,,,,,,,,,,,,,,,,,,
Phoenix,Allen,1995-08-22,Ateneo de Manila University,,,,,,,,,,,,,,,,,,,,,,
Brynlee,Nielsen,1994-08-09,Ateneo de Manila University,,,,,,,,,,,,,,,,,,,,,,
Noemi,Wilkins,1998-09-03,Ateneo de Manila University,,,,,,,,,,,,,,,,,,,,,,
Emily,Whitaker,1998-04-17,Ateneo de Manila University,,,,,,,,,,,,,,,,,,,,,,
Brooke,Drake,1994-05-13,Ateneo de Manila University,,,,,,,,,,,,,,,,,,,,,,
Thaddeus,Patrick,1997-06-30,Ateneo de Manila University,,,,,,,,,,,,,,,,,,,,,,
Cannon,Brock,1992-04-27,Ateneo de Manila University,,,,,,,,,,,,,,,,,,,,,,
Ciara,Alexander,1994-11-11,Ateneo de Manila University,,,,,,,,,,,,,,,,,,,,,,
Drew,Reeves,1996-04-20,Ateneo de Manila University,,,,,,,,,,,,,,,,,,,,,,
Aleah,Brewer,1992-06-10,Ateneo de Manila University,,,,,,,,,,,,,,,,,,,,,,
Sariyah,Coffey,1996-12-30,Ateneo de Manila University,,,,,,,,,,,,,,,,,,,,,,
Camden,Harris,1996-12-03,Ateneo de Manila University,,,,,,,,,,,,,,,,,,,,,,
Lilianna,Madden,1993-11-09,Ateneo de Manila University,,,,,,,,,,,,,,,,,,,,,,
Terry,Marks,1997-01-21,Ateneo de Manila University,,,,,,,,,,,,,,,,,,,,,,
Lance,Contreras,1993-03-24,Ateneo de Manila University,,,,,,,,,,,,,,,,,,,,,,
Cecelia,Sanford,1997-05-02,Ateneo de Manila University,,,,,,,,,,,,,,,,,,,,,,
Maleah,Yang,1996-03-26,Ateneo de Manila University,,,,,,,,,,,,,,,,,,,,,,
Drake,Jacobson,1998-02-11,Ateneo de Manila University,,,,,,,,,,,,,,,,,,,,,,
Sarah,Fisher,1992-01-17,Ateneo de Manila University,,,,,,,,,,,,,,,,,,,,,,
Braylee,Stout,1993-04-17,Ateneo de Manila University,,,,,,,,,,,,,,,,,,,,,,
Juliana,Kelly,1998-06-18,Ateneo de Manila University,,,,,,,,,,,,,,,,,,,,,,
Blaze,Workman,1998-10-16,Ateneo de Manila University,,,,,,,,,,,,,,,,,,,,,,
Lewis,Todd,1998-08-16,Ateneo de Manila University,,,,,,,,,,,,,,,,,,,,,,
Hank,Campbell,1996-07-17,Ateneo de Manila University,,,,,,,,,,,,,,,,,,,,,,
Pablo,Payne,1997-11-02,Ateneo de Manila University,,,,,,,,,,,,,,,,,,,,,,
Edith,Miranda,1995-03-17,Ateneo de Manila University,,,,,,,,,,,,,,,,,,,,,,
Randall,Yang,1996-02-07,Ateneo de Manila University,,,,,,,,,,,,,,,,,,,,,,
Lilia,Rosa,1997-07-19,Ateneo de Manila University,,,,,,,,,,,,,,,,,,,,,,
Jessie,Robertson,1993-04-29,Ateneo de Manila University,,,,,,,,,,,,,,,,,,,,,,
Scarlet,Griffith,1992-05-17,Ateneo de Manila University,,,,,,,,,,,,,,,,,,,,,,
Kayden,Fox,1992-02-27,Ateneo de Manila University,,,,,,,,,,,,,,,,,,,,,,
Sincere,Payne,1993-02-14,Ateneo de Manila University,,,,,,,,,,,,,,,,,,,,,,
Luka,Farrell,1997-12-27,Ateneo de Manila University,,,,,,,,,,,,,,,,,,,,,,
Darius,Neal,1992-04-04,Ateneo de Manila University,,,,,,,,,,,,,,,,,,,,,,
Miller,Torres,1997-05-21,Ateneo de Manila University,,,,,,,,,,,,,,,,,,,,,,
Jazlynn,Daniel,1997-02-11,Ateneo de Manila University,,,,,,,,,,,,,,,,,,,,,,
Jerimiah,Donaldson,1994-05-29,Ateneo de Manila University,,,,,,,,,,,,,,,,,,,,,,
Justus,Cote,1995-11-21,Ateneo de Manila University,,,,,,,,,,,,,,,,,,,,,,
Quinton,Carlson,1992-11-21,Ateneo de Manila University,,,,,,,,,,,,,,,,,,,,,,
Jorden,Compton,1994-06-25,Ateneo de Manila University,,,,,,,,,,,,,,,,,,,,,,
Kieran,Cooke,1993-03-06,Ateneo de Manila University,,,,,,,,,,,,,,,,,,,,,,
Jeremy,Williamson,1997-12-08,Ateneo de Manila University,,,,,,,,,,,,,,,,,,,,,,
Jaden,Clark,1998-12-17,Ateneo de Manila University,,,,,,,,,,,,,,,,,,,,,,
America,Gonzales,1998-05-05,Ateneo de Manila University,,,,,,,,,,,,,,,,,,,,,,
Tanner,Nelson,1995-02-20,Ateneo de Manila University,,,,,,,,,,,,,,,,,,,,,,
Melissa,Mccoy,1995-03-20,Ateneo de Manila University,,,,,,,,,,,,,,,,,,,,,,
Emanuel,Jones,1995-01-26,Ateneo de Manila University,,,,,,,,,,,,,,,,,,,,,,
Aria,Villarreal,1998-11-27,Ateneo de Manila University,,,,,,,,,,,,,,,,,,,,,,
Cedric,Velazquez,1996-10-31,Ateneo de Manila University,,,,,,,,,,,,,,,,,,,,,,
Derrick,Sweet,1998-03-25,Ateneo de Manila University,,,,,,,,,,,,,,,,,,,,,,
Joshua,Boone,1992-10-03,Ateneo de Manila University,,,,,,,,,,,,,,,,,,,,,,
Chanel,Saunders,1994-07-08,Ateneo de Manila University,,,,,,,,,,,,,,,,,,,,,,
Reagan,Griffith,1994-09-28,Ateneo de Manila University,,,,,,,,,,,,,,,,,,,,,,
Jovanni,Hendricks,1997-01-17,Ateneo de Manila University,,,,,,,,,,,,,,,,,,,,,,
Sebastian,Kramer,1994-09-19,Ateneo de Manila University,,,,,,,,,,,,,,,,,,,,,,
Miguel,Henson,1998-04-02,Ateneo de Manila University,,,,,,,,,,,,,,,,,,,,,,
Finley,England,1996-07-31,Ateneo de Manila University,,,,,,,,,,,,,,,,,,,,,,
Alison,Bernard,1993-06-12,Ateneo de Manila University,,,,,,,,,,,,,,,,,,,,,,
Cali,Maynard,1997-07-12,Ateneo de Manila University,,,,,,,,,,,,,,,,,,,,,,
Tia,Brooks,1992-08-05,Ateneo de Manila University,,,,,,,,,,,,,,,,,,,,,,
Muhammad,Becker,1994-11-14,Ateneo de Manila University,,,,,,,,,,,,,,,,,,,,,,
Miriam,Gentry,1992-07-24,Ateneo de Manila University,,,,,,,,,,,,,,,,,,,,,,
Lincoln,Richmond,1994-02-26,Ateneo de Manila University,,,,,,,,,,,,,,,,,,,,,,
Reid,Sweeney,1994-11-20,Ateneo de Manila University,,,,,,,,,,,,,,,,,,,,,,
Gia,Abbott,1997-04-28,Ateneo de Manila University,,,,,,,,,,,,,,,,,,,,,,
Denise,Roberts,1996-02-06,Ateneo de Manila University,,,,,,,,,,,,,,,,,,,,,,
Lacey,Fleming,1992-05-04,Ateneo de Manila University,,,,,,,,,,,,,,,,,,,,,,
Imani,Logan,1995-09-11,Ateneo de Manila University,,,,,,,,,,,,,,,,,,,,,,
Kellan,Holloway,1994-11-23,Ateneo de Manila University,,,,,,,,,,,,,,,,,,,,,,
Rosalie,Duke,1993-11-06,Ateneo de Manila University,,,,,,,,,,,,,,,,,,,,,,
Crystal,Tillman,1992-05-20,Ateneo de Manila University,,,,,,,,,,,,,,,,,,,,,,
Lamar,Middleton,1992-07-30,Ateneo de Manila University,,,,,,,,,,,,,,,,,,,,,,
Kyson,Hale,1997-08-05,Ateneo de Manila University,,,,,,,,,,,,,,,,,,,,,,
Karson,Sweet,1997-10-08,Ateneo de Manila University,,,,,,,,,,,,,,,,,,,,,,
Hayden,Walters,1998-03-28,Ateneo de Manila University,,,,,,,,,,,,,,,,,,,,,,
Charli,Buckner,1995-11-10,Ateneo de Manila University,,,,,,,,,,,,,,,,,,,,,,
Aubri,Tran,1994-09-22,Ateneo de Manila University,,,,,,,,,,,,,,,,,,,,,,
Gavyn,Mcgee,1992-08-11,Ateneo de Manila University,,,,,,,,,,,,,,,,,,,,,,
Temperance,Prince,1998-08-07,Ateneo de Manila University,,,,,,,,,,,,,,,,,,,,,,
Cameron,Riddle,1993-09-23,Ateneo de Manila University,,,,,,,,,,,,,,,,,,,,,,
Alexander,Hurst,1998-09-10,Ateneo de Manila University,,,,,,,,,,,,,,,,,,,,,,
Briley,Miller,1996-06-13,Ateneo de Manila University,,,,,,,,,,,,,,,,,,,,,,
Cecilia,Duncan,1996-12-05,Ateneo de Manila University,,,,,,,,,,,,,,,,,,,,,,
Malaya,Osborn,1995-01-26,Ateneo de Manila University,,,,,,,,,,,,,,,,,,,,,,
Bronson,Long,1992-06-25,Ateneo de Manila University,,,,,,,,,,,,,,,,,,,,,,
Draven,Dodson,1992-08-24,Ateneo de Manila University,,,,,,,,,,,,,,,,,,,,,,
Jenny,Hood,1992-03-28,Ateneo de Manila University,,,,,,,,,,,,,,,,,,,,,,
Royce,Cardenas,1997-02-04,Ateneo de Manila University,,,,,,,,,,,,,,,,,,,,,,
Gage,Sloan,1994-08-22,Ateneo de Manila University,,,,,,,,,,,,,,,,,,,,,,
Zion,Zamora,1997-10-15,Ateneo de Manila University,,,,,,,,,,,,,,,,,,,,,,
Jacob,Moreno,1996-10-01,Ateneo de Manila University,,,,,,,,,,,,,,,,,,,,,,
Jaydin,Stout,1996-03-09,Ateneo de Manila University,,,,,,,,,,,,,,,,,,,,,,
Willow,Grant,1992-09-06,Ateneo de Manila University,,,,,,,,,,,,,,,,,,,,,,
Cohen,Marshall,1994-07-03,Ateneo de Manila University,,,,,,,,,,,,,,,,,,,,,,
Larry,Floyd,1994-09-30,Ateneo de Manila University,,,,,,,,,,,,,,,,,,,,,,
Tatum,Chandler,1995-07-11,Ateneo de Manila University,,,,,,,,,,,,,,,,,,,,,,
Layton,Park,1992-02-15,Ateneo de Manila University,,,,,,,,,,,,,,,,,,,,,,
Brendan,Hendricks,1997-10-05,Ateneo de Manila University,,,,,,,,,,,,,,,,,,,,,,
Maximiliano,Cochran,1995-06-26,Ateneo de Manila University,,,,,,,,,,,,,,,,,,,,,,
Cesar,Lowery,1998-03-21,Ateneo de Manila University,,,,,,,,,,,,,,,,,,,,,,
Bryleigh,Bryant,1997-01-01,Ateneo de Manila University,,,,,,,,,,,,,,,,,,,,,,
Leia,Medina,1996-05-15,Ateneo de Manila University,,,,,,,,,,,,,,,,,,,,,,
Urijah,Hurley,1993-02-27,Ateneo de Manila University,,,,,,,,,,,,,,,,,,,,,,
Darien,Ramos,1993-06-17,Ateneo de Manila University,,,,,,,,,,,,,,,,,,,,,,
Matthias,Thomas,1996-07-28,Ateneo de Manila University,,,,,,,,,,,,,,,,,,,,,,
Kadence,Murray,1996-03-27,Ateneo de Manila University,,,,,,,,,,,,,,,,,,,,,,
Miguel,Stevenson,1998-08-28,Ateneo de Manila University,,,,,,,,,,,,,,,,,,,,,,
Ray,Little,1995-11-14,Ateneo de Manila University,,,,,,,,,,,,,,,,,,,,,,
Mae,Acevedo,1998-09-18,Ateneo de Manila University,,,,,,,,,,,,,,,,,,,,,,
Theodore,Wells,1994-10-09,Ateneo de Manila University,,,,,,,,,,,,,,,,,,,,,,
Abraham,Munoz,1995-07-07,Ateneo de Manila University,,,,,,,,,,,,,,,,,,,,,,
Gaige,Gibson,1993-11-25,Ateneo de Manila University,,,,,,,,,,,,,,,,,,,,,,
Selah,Nixon,1993-12-29,Ateneo de Manila University,,,,,,,,,,,,,,,,,,,,,,
Kade,Roth,1995-12-09,Ateneo de Manila University,,,,,,,,,,,,,,,,,,,,,,
Heath,Barton,1992-01-07,Ateneo de Manila University,,,,,,,,,,,,,,,,,,,,,,
Julien,Berry,1997-02-22,Ateneo de Manila University,,,,,,,,,,,,,,,,,,,,,,
Weston,Strong,1996-07-28,Ateneo de Manila University,,,,,,,,,,,,,,,,,,,,,,
Tristin,Livingston,1998-08-22,Ateneo de Manila University,,,,,,,,,,,,,,,,,,,,,,
Milagros,Nixon,1995-08-06,Ateneo de Manila University,,,,,,,,,,,,,,,,,,,,,,
Brycen,Kane,1992-07-16,Ateneo de Manila University,,,,,,,,,,,,,,,,,,,,,,
Lukas,Colon,1994-10-14,Ateneo de Manila University,,,,,,,,,,,,,,,,,,,,,,
Janae,Chaney,1996-03-23,Ateneo de Manila University,,,,,,,,,,,,,,,,,,,,,,
Kamari,Weber,1996-01-08,Ateneo de Manila University,,,,,,,,,,,,,,,,,,,,,,
Enoch,Bauer,1997-04-30,Ateneo de Manila University,,,,,,,,,,,,,,,,,,,,,,
Jayde,Yang,1997-02-25,Ateneo de Manila University,,,,,,,,,,,,,,,,,,,,,,
Xzavier,Tanner,1992-07-26,Ateneo de Manila University,,,,,,,,,,,,,,,,,,,,,,
Diana,Clemons,1996-09-03,Ateneo de Manila University,,,,,,,,,,,,,,,,,,,,,,
Todd,Dixon,1993-04-22,Ateneo de Manila University,,,,,,,,,,,,,,,,,,,,,,
Malia,Hurst,1994-05-04,Ateneo de Manila University,,,,,,,,,,,,,,,,,,,,,,
Brendon,Mcmillan,1993-10-16,Ateneo de Manila University,,,,,,,,,,,,,,,,,,,,,,
Camila,Sargent,1995-10-19,Ateneo de Manila University,,,,,,,,,,,,,,,,,,,,,,
Brooke,Church,1996-04-22,Ateneo de Manila University,,,,,,,,,,,,,,,,,,,,,,
Brian,Finley,1998-09-16,Ateneo de Manila University,,,,,,,,,,,,,,,,,,,,,,
Aliza,Whitley,1998-10-15,Ateneo de Manila University,,,,,,,,,,,,,,,,,,,,,,
Manuel,Black,1995-09-02,Ateneo de Manila University,,,,,,,,,,,,,,,,,,,,,,
Dakota,Carr,1997-11-20,Ateneo de Manila University,,,,,,,,,,,,,,,,,,,,,,
Lea,Allison,1993-03-03,Ateneo de Manila University,,,,,,,,,,,,,,,,,,,,,,
Hadassah,Jimenez,1993-09-12,Ateneo de Manila University,,,,,,,,,,,,,,,,,,,,,,
Laylah,Hodges,1997-06-13,Ateneo de Manila University,,,,,,,,,,,,,,,,,,,,,,
Sam,Freeman,1998-03-16,Ateneo de Manila University,,,,,,,,,,,,,,,,,,,,,,
Alyssa,Pace,1997-05-29,Ateneo de Manila University,,,,,,,,,,,,,,,,,,,,,,
Ronan,Willis,1995-04-17,Ateneo de Manila University,,,,,,,,,,,,,,,,,,,,,,
Haiden,Haney,1995-07-15,Ateneo de Manila University,,,,,,,,,,,,,,,,,,,,,,
Jared,Barron,1993-02-21,Ateneo de Manila University,,,,,,,,,,,,,,,,,,,,,,
Alvaro,Downs,1994-01-15,Ateneo de Manila University,,,,,,,,,,,,,,,,,,,,,,
Amani,Harmon,1996-06-05,Ateneo de Manila University,,,,,,,,,,,,,,,,,,,,,,
Carson,Nielsen,1998-01-18,Ateneo de Manila University,,,,,,,,,,,,,,,,,,,,,,
Xander,Lindsey,1995-06-15,Ateneo de Manila University,,,,,,,,,,,,,,,,,,,,,,
Adele,Noel,1998-04-01,Ateneo de Manila University,,,,,,,,,,,,,,,,,,,,,,
Maxx,Foley,1997-01-08,Ateneo de Manila University,,,,,,,,,,,,,,,,,,,,,,
Haven,William,1996-12-06,Ateneo de Manila University,,,,,,,,,,,,,,,,,,,,,,
Alexandra,Donovan,1997-12-16,Ateneo de Manila University,,,,,,,,,,,,,,,,,,,,,,
Heidi,George,1997-08-30,Ateneo de Manila University,,,,,,,,,,,,,,,,,,,,,,
Aimee,Norris,1997-04-29,Ateneo de Manila University,,,,,,,,,,,,,,,,,,,,,,
Kellen,Medina,1998-10-04,Ateneo de Manila University,,,,,,,,,,,,,,,,,,,,,,
Ashtyn,Merritt,1998-09-29,Ateneo de Manila University,,,,,,,,,,,,,,,,,,,,,,
Chanel,Raymond,1992-04-08,Ateneo de Manila University,,,,,,,,,,,,,,,,,,,,,,
Kaia,Skinner,1992-02-22,Ateneo de Manila University,,,,,,,,,,,,,,,,,,,,,,
Isabella,Foster,1997-08-24,Ateneo de Manila University,,,,,,,,,,,,,,,,,,,,,,
Sherlyn,Oneil,1995-08-09,Ateneo de Manila University,,,,,,,,,,,,,,,,,,,,,,
Armani,Byrd,1996-07-07,Ateneo de Manila University,,,,,,,,,,,,,,,,,,,,,,
Lily,Padilla,1996-12-14,Ateneo de Manila University,,,,,,,,,,,,,,,,,,,,,,
Preston,Hernandez,1994-05-31,Ateneo de Manila University,,,,,,,,,,,,,,,,,,,,,,
Savanna,Holt,1994-09-11,Ateneo de Manila University,,,,,,,,,,,,,,,,,,,,,,
Jacob,Fitzgerald,1995-06-19,Ateneo de Manila University,,,,,,,,,,,,,,,,,,,,,,
Moses,Graham,1993-11-20,Ateneo de Manila University,,,,,,,,,,,,,,,,,,,,,,
Aurora,Ford,1997-08-24,Ateneo de Manila University,,,,,,,,,,,,,,,,,,,,,,
Beckett,Mcmillan,1998-05-18,Ateneo de Manila University,,,,,,,,,,,,,,,,,,,,,,
Quinton,Reid,1995-11-23,Ateneo de Manila University,,,,,,,,,,,,,,,,,,,,,,
Ivan,Ruiz,1997-08-02,Ateneo de Manila University,,,,,,,,,,,,,,,,,,,,,,
Madelynn,Harding,1997-06-11,Ateneo de Manila University,,,,,,,,,,,,,,,,,,,,,,
Johan,Wong,1993-07-21,Ateneo de Manila University,,,,,,,,,,,,,,,,,,,,,,
Mike,Donovan,1997-03-07,Ateneo de Manila University,,,,,,,,,,,,,,,,,,,,,,
Amiyah,Marshall,1996-10-07,Ateneo de Manila University,,,,,,,,,,,,,,,,,,,,,,
Henry,Ward,1992-05-21,Ateneo de Manila University,,,,,,,,,,,,,,,,,,,,,,
Abram,Grant,1995-04-27,Ateneo de Manila University,,,,,,,,,,,,,,,,,,,,,,
Ellis,Blackwell,1995-12-10,Ateneo de Manila University,,,,,,,,,,,,,,,,,,,,,,
Fabian,Garza,1995-12-09,Ateneo de Manila University,,,,,,,,,,,,,,,,,,,,,,
Gemma,Mckinney,1993-02-26,Ateneo de Manila University,,,,,,,,,,,,,,,,,,,,,,
Carley,Tillman,1995-12-26,Ateneo de Manila University,,,,,,,,,,,,,,,,,,,,,,
Aubree,Warren,1992-08-25,Ateneo de Manila University,,,,,,,,,,,,,,,,,,,,,,
Isaac,Aguilar,1992-12-08,Ateneo de Manila University,,,,,,,,,,,,,,,,,,,,,,
Alfredo,Coffey,1996-07-10,Ateneo de Manila University,,,,,,,,,,,,,,,,,,,,,,
Keith,Roy,1992-11-21,Ateneo de Manila University,,,,,,,,,,,,,,,,,,,,,,
Cade,Pate,1993-06-12,Ateneo de Manila University,,,,,,,,,,,,,,,,,,,,,,
Boston,Cardenas,1995-10-20,Ateneo de Manila University,,,,,,,,,,,,,,,,,,,,,,
Aryan,Boyer,1993-12-31,Ateneo de Manila University,,,,,,,,,,,,,,,,,,,,,,
Coen,Diaz,1996-09-01,Ateneo de Manila University,,,,,,,,,,,,,,,,,,,,,,
Tara,Berry,1994-10-01,Ateneo de Manila University,,,,,,,,,,,,,,,,,,,,,,
Nash,Ballard,1995-12-26,Ateneo de Manila University,,,,,,,,,,,,,,,,,,,,,,
Samuel,Black,1993-05-14,Ateneo de Manila University,,,,,,,,,,,,,,,,,,,,,,
Dangelo,Rose,1995-10-03,Ateneo de Manila University,,,,,,,,,,,,,,,,,,,,,,
Cayson,Hooper,1995-01-26,Ateneo de Manila University,,,,,,,,,,,,,,,,,,,,,,
Lennox,Clayton,1992-12-29,Ateneo de Manila University,,,,,,,,,,,,,,,,,,,,,,
Bailee,Huber,1993-09-25,Ateneo de Manila University,,,,,,,,,,,,,,,,,,,,,,
Sasha,Mercer,1993-01-04,Ateneo de Manila University,,,,,,,,,,,,,,,,,,,,,,
Mariam,Hutchinson,1997-12-19,Ateneo de Manila University,,,,,,,,,,,,,,,,,,,,,,
Ben,Tillman,1997-09-05,Ateneo de Manila University,,,,,,,,,,,,,,,,,,,,,,
Edwin,Jefferson,1993-10-14,Ateneo de Manila University,,,,,,,,,,,,,,,,,,,,,,
Edwin,Scott,1993-08-27,Ateneo de Manila University,,,,,,,,,,,,,,,,,,,,,,
Jordan,Washington,1997-07-07,Ateneo de Manila University,,,,,,,,,,,,,,,,,,,,,,
Rodney,Conner,1994-12-18,Ateneo de Manila University,,,,,,,,,,,,,,,,,,,,,,
Jacob,Guerrero,1992-12-28,Ateneo de Manila University,,,,,,,,,,,,,,,,,,,,,,
Jax,Mccall,1998-12-14,Ateneo de Manila University,,,,,,,,,,,,,,,,,,,,,,
Landon,Berg,1994-02-23,Ateneo de Manila University,,,,,,,,,,,,,,,,,,,,,,
Eve,Mejia,1995-06-27,Ateneo de Manila University,,,,,,,,,,,,,,,,,,,,,,
Dorothy,Russo,1993-06-28,Ateneo de Manila University,,,,,,,,,,,,,,,,,,,,,,
Frank,Bush,1993-11-22,Ateneo de Manila University,,,,,,,,,,,,,,,,,,,,,,
Gage,Pope,1995-06-04,Ateneo de Manila University,,,,,,,,,,,,,,,,,,,,,,
Alexzander,Ross,1996-08-08,Ateneo de Manila University,,,,,,,,,,,,,,,,,,,,,,
Kamden,Mason,1992-02-28,Ateneo de Manila University,,,,,,,,,,,,,,,,,,,,,,
Princeton,Gates,1996-03-01,Ateneo de Manila University,,,,,,,,,,,,,,,,,,,,,,
Alfonso,Guthrie,1993-10-24,Ateneo de Manila University,,,,,,,,,,,,,,,,,,,,,,
Jax,Nash,1994-08-13,Ateneo de Manila University,,,,,,,,,,,,,,,,,,,,,,
Jason,Tucker,1993-02-03,Ateneo de Manila University,,,,,,,,,,,,,,,,,,,,,,
Gauge,Wolfe,1997-09-19,Ateneo de Manila University,,,,,,,,,,,,,,,,,,,,,,
Hendrix,Mcdaniel,1992-07-02,Ateneo de Manila University,,,,,,,,,,,,,,,,,,,,,,
Bobby,Greer,1994-10-22,Ateneo de Manila University,,,,,,,,,,,,,,,,,,,,,,
Grace,Mckay,1993-01-21,Ateneo de Manila University,,,,,,,,,,,,,,,,,,,,,,
Tia,Mosley,1992-10-13,Ateneo de Manila University,,,,,,,,,,,,,,,,,,,,,,
Deangelo,Dawson,1992-07-27,Ateneo de Manila University,,,,,,,,,,,,,,,,,,,,,,
Stephanie,English,1997-04-18,Ateneo de Manila University,,,,,,,,,,,,,,,,,,,,,,
Demi,Mcgowan,1993-08-15,Ateneo de Manila University,,,,,,,,,,,,,,,,,,,,,,
Elyse,Figueroa,1993-10-09,Ateneo de Manila University,,,,,,,,,,,,,,,,,,,,,,
Jagger,Bowers,1993-08-11,Ateneo de Manila University,,,,,,,,,,,,,,,,,,,,,,
Luciano,Lowery,1993-01-06,Ateneo de Manila University,,,,,,,,,,,,,,,,,,,,,,
Laura,Copeland,1992-06-14,Ateneo de Manila University,,,,,,,,,,,,,,,,,,,,,,
Addilyn,Davis,1997-06-23,Ateneo de Manila University,,,,,,,,,,,,,,,,,,,,,,
Annabelle,Bennett,1994-09-02,Ateneo de Manila University,,,,,,,,,,,,,,,,,,,,,,
Abigail,Bullock,1996-12-22,Ateneo de Manila University,,,,,,,,,,,,,,,,,,,,,,
Bridger,Chandler,1998-04-09,Ateneo de Manila University,,,,,,,,,,,,,,,,,,,,,,
Iris,Waller,1992-11-19,Ateneo de Manila University,,,,,,,,,,,,,,,,,,,,,,
Haiden,Jenkins,1992-07-31,Ateneo de Manila University,,,,,,,,,,,,,,,,,,,,,,
Hanna,Page,1992-02-22,Ateneo de Manila University,,,,,,,,,,,,,,,,,,,,,,
Kasen,Sellers,1995-05-31,Ateneo de Manila University,,,,,,,,,,,,,,,,,,,,,,
Triston,Berry,1997-08-16,Ateneo de Manila University,,,,,,,,,,,,,,,,,,,,,,
Helena,Livingston,1995-05-02,Ateneo de Manila University,,,,,,,,,,,,,,,,,,,,,,
Alaya,Mcmahon,1997-08-21,Ateneo de Manila University,,,,,,,,,,,,,,,,,,,,,,
Sasha,Herrera,1996-06-26,Ateneo de Manila University,,,,,,,,,,,,,,,,,,,,,,
Cherish,Abbott,1993-04-01,Ateneo de Manila University,,,,,,,,,,,,,,,,,,,,,,
Zachary,Wilkinson,1993-02-18,Ateneo de Manila University,,,,,,,,,,,,,,,,,,,,,,
Rebecca,Sosa,1995-04-22,Ateneo de Manila University,,,,,,,,,,,,,,,,,,,,,,
Aryana,Thornton,1998-10-19,Ateneo de Manila University,,,,,,,,,,,,,,,,,,,,,,
Beatrice,Leon,1998-02-26,Ateneo de Manila University,,,,,,,,,,,,,,,,,,,,,,
Channing,Alvarez,1997-07-24,Ateneo de Manila University,,,,,,,,,,,,,,,,,,,,,,
Raina,Gray,1992-08-11,Ateneo de Manila University,,,,,,,,,,,,,,,,,,,,,,
Isabel,Clemons,1993-07-11,Ateneo de Manila University,,,,,,,,,,,,,,,,,,,,,,
Ansley,Mckay,1995-01-22,Ateneo de Manila University,,,,,,,,,,,,,,,,,,,,,,
Natalie,Hewitt,1998-06-28,Ateneo de Manila University,,,,,,,,,,,,,,,,,,,,,,
Drew,Shields,1997-11-02,Ateneo de Manila University,,,,,,,,,,,,,,,,,,,,,,
Pamela,Allison,1998-05-23,Ateneo de Manila University,,,,,,,,,,,,,,,,,,,,,,
Steven,Farley,1998-11-14,Ateneo de Manila University,,,,,,,,,,,,,,,,,,,,,,
Maxx,Buck,1993-02-18,Ateneo de Manila University,,,,,,,,,,,,,,,,,,,,,,
Gabrielle,Cobb,1993-09-25,Ateneo de Manila University,,,,,,,,,,,,,,,,,,,,,,
Jeffrey,Dodson,1998-11-25,Ateneo de Manila University,,,,,,,,,,,,,,,,,,,,,,
Bianca,Owens,1992-05-09,Ateneo de Manila University,,,,,,,,,,,,,,,,,,,,,,
Quinton,Webster,1995-05-14,Ateneo de Manila University,,,,,,,,,,,,,,,,,,,,,,
Emiliano,Holder,1998-04-12,Ateneo de Manila University,,,,,,,,,,,,,,,,,,,,,,
Ean,Barnett,1994-06-14,Ateneo de Manila University,,,,,,,,,,,,,,,,,,,,,,
William,Wall,1996-10-25,Ateneo de Manila University,,,,,,,,,,,,,,,,,,,,,,
Jade,Fletcher,1997-04-29,Ateneo de Manila University,,,,,,,,,,,,,,,,,,,,,,
Izabella,Terrell,1993-04-09,Ateneo de Manila University,,,,,,,,,,,,,,,,,,,,,,
Fiona,Reilly,1993-06-20,Ateneo de Manila University,,,,,,,,,,,,,,,,,,,,,,
Brinley,Buckley,1994-08-15,Ateneo de Manila University,,,,,,,,,,,,,,,,,,,,,,
Ethen,Russo,1995-06-03,Ateneo de Manila University,,,,,,,,,,,,,,,,,,,,,,
Aurora,Douglas,1996-03-12,Ateneo de Manila University,,,,,,,,,,,,,,,,,,,,,,
Quinten,Ware,1992-05-25,Ateneo de Manila University,,,,,,,,,,,,,,,,,,,,,,
June,Mckenzie,1996-04-01,Ateneo de Manila University,,,,,,,,,,,,,,,,,,,,,,
Alexander,Chavez,1997-02-07,Ateneo de Manila University,,,,,,,,,,,,,,,,,,,,,,
Gunnar,Fuller,1996-01-18,Ateneo de Manila University,,,,,,,,,,,,,,,,,,,,,,
Jordyn,Dennis,1993-03-14,Ateneo de Manila University,,,,,,,,,,,,,,,,,,,,,,
Itzel,Ewing,1994-05-31,Ateneo de Manila University,,,,,,,,,,,,,,,,,,,,,,
Colten,Shaffer,1993-10-28,Ateneo de Manila University,,,,,,,,,,,,,,,,,,,,,,
Cohen,Avila,1997-02-01,Ateneo de Manila University,,,,,,,,,,,,,,,,,,,,,,
Celeste,Benton,1994-02-07,Ateneo de Manila University,,,,,,,,,,,,,,,,,,,,,,
Rachel,Mcmahon,1996-10-05,Ateneo de Manila University,,,,,,,,,,,,,,,,,,,,,,
Javion,Miles,1994-06-28,Ateneo de Manila University,,,,,,,,,,,,,,,,,,,,,,
Alfred,Holcomb,1993-08-24,Ateneo de Manila University,,,,,,,,,,,,,,,,,,,,,,
Brogan,Green,1996-07-26,Ateneo de Manila University,,,,,,,,,,,,,,,,,,,,,,
Kylan,Meyers,1994-06-27,Ateneo de Manila University,,,,,,,,,,,,,,,,,,,,,,
Mya,Wagner,1995-04-17,Ateneo de Manila University,,,,,,,,,,,,,,,,,,,,,,
Jabari,Nunez,1996-05-31,Ateneo de Manila University,,,,,,,,,,,,,,,,,,,,,,
Nova,Bender,1994-07-27,Ateneo de Manila University,,,,,,,,,,,,,,,,,,,,,,
Reuben,Johnson,1993-03-19,Ateneo de Manila University,,,,,,,,,,,,,,,,,,,,,,
Felipe,Hewitt,1994-10-10,Ateneo de Manila University,,,,,,,,,,,,,,,,,,,,,,
Graham,Riley,1993-08-26,Ateneo de Manila University,,,,,,,,,,,,,,,,,,,,,,
Pamela,Rodriquez,1995-04-05,Ateneo de Manila University,,,,,,,,,,,,,,,,,,,,,,
Dorian,Wade,1997-06-29,Ateneo de Manila University,,,,,,,,,,,,,,,,,,,,,,
George,Adkins,1994-06-13,Ateneo de Manila University,,,,,,,,,,,,,,,,,,,,,,
Sonny,Poole,1993-05-29,Ateneo de Manila University,,,,,,,,,,,,,,,,,,,,,,
Zavier,Berg,1997-08-23,Ateneo de Manila University,,,,,,,,,,,,,,,,,,,,,,
Dayana,Glass,1993-01-08,Ateneo de Manila University,,,,,,,,,,,,,,,,,,,,,,
Asa,Cabrera,1996-04-04,Ateneo de Manila University,,,,,,,,,,,,,,,,,,,,,,
Joey,Anderson,1994-08-15,Ateneo de Manila University,,,,,,,,,,,,,,,,,,,,,,
Tessa,Le,1997-04-22,Ateneo de Manila University,,,,,,,,,,,,,,,,,,,,,,
Mae,Bender,1994-05-20,Ateneo de Manila University,,,,,,,,,,,,,,,,,,,,,,
Israel,Holman,1993-06-30,Ateneo de Manila University,,,,,,,,,,,,,,,,,,,,,,
Lathan,Murray,1998-10-05,Ateneo de Manila University,,,,,,,,,,,,,,,,,,,,,,
Edward,Marshall,1997-07-04,Ateneo de Manila University,,,,,,,,,,,,,,,,,,,,,,
Emely,Herrera,1992-12-16,Ateneo de Manila University,,,,,,,,,,,,,,,,,,,,,,
Mckenzie,Maxwell,1998-06-16,Ateneo de Manila University,,,,,,,,,,,,,,,,,,,,,,
Dana,Wong,1997-12-15,Ateneo de Manila University,,,,,,,,,,,,,,,,,,,,,,
Sariyah,Hahn,1994-03-20,Ateneo de Manila University,,,,,,,,,,,,,,,,,,,,,,
Janessa,Weber,1996-03-07,Ateneo de Manila University,,,,,,,,,,,,,,,,,,,,,,
Nahla,Perry,1994-01-26,Ateneo de Manila University,,,,,,,,,,,,,,,,,,,,,,
Westin,Burton,1992-03-07,Ateneo de Manila University,,,,,,,,,,,,,,,,,,,,,,
Lexi,Carr,1992-02-19,Ateneo de Manila University,,,,,,,,,,,,,,,,,,,,,,
Francisco,Melton,1992-05-27,Ateneo de Manila University,,,,,,,,,,,,,,,,,,,,,,
Galilea,Spears,1998-08-03,Ateneo de Manila University,,,,,,,,,,,,,,,,,,,,,,
Javion,Thompson,1996-05-22,Ateneo de Manila University,,,,,,,,,,,,,,,,,,,,,,
Lesly,Moore,1998-03-13,Ateneo de Manila University,,,,,,,,,,,,,,,,,,,,,,
Jonathan,Williams,1995-03-13,Ateneo de Manila University,,,,,,,,,,,,,,,,,,,,,,
Andre,Foley,1992-05-29,Ateneo de Manila University,,,,,,,,,,,,,,,,,,,,,,
Amelia,Cash,1996-02-05,Ateneo de Manila University,,,,,,,,,,,,,,,,,,,,,,
Jayla,Roberts,1997-02-09,Ateneo de Manila University,,,,,,,,,,,,,,,,,,,,,,
Steve,Leach,1992-11-24,Ateneo de Manila University,,,,,,,,,,,,,,,,,,,,,,
Aliza,Levine,1992-01-03,Ateneo de Manila University,,,,,,,,,,,,,,,,,,,,,,
Myles,Holden,1996-01-09,Ateneo de Manila University,,,,,,,,,,,,,,,,,,,,,,
Jayden,Odom,1994-09-23,Ateneo de Manila University,,,,,,,,,,,,,,,,,,,,,,
Celia,Valencia,1995-11-08,Ateneo de Manila University,,,,,,,,,,,,,,,,,,,,,,
Valerie,Odom,1993-05-02,Ateneo de Manila University,,,,,,,,,,,,,,,,,,,,,,
Ryder,Pugh,1995-07-03,Ateneo de Manila University,,,,,,,,,,,,,,,,,,,,,,
Bryleigh,Joseph,1997-02-16,Ateneo de Manila University,,,,,,,,,,,,,,,,,,,,,,
Ruth,Lyons,1994-10-14,Ateneo de Manila University,,,,,,,,,,,,,,,,,,,,,,
Jeremiah,Harvey,1996-07-12,Ateneo de Manila University,,,,,,,,,,,,,,,,,,,,,,
Dominik,Rosa,1993-07-14,Ateneo de Manila University,,,,,,,,,,,,,,,,,,,,,,
Brodie,Walton,1995-01-06,Ateneo de Manila University,,,,,,,,,,,,,,,,,,,,,,
Aidan,Stokes,1997-09-27,Ateneo de Manila University,,,,,,,,,,,,,,,,,,,,,,
Royce,Mosley,1994-08-14,Ateneo de Manila University,,,,,,,,,,,,,,,,,,,,,,
Dawson,Dickson,1996-05-08,Ateneo de Manila University,,,,,,,,,,,,,,,,,,,,,,
Gabriel,Oneal,1998-12-21,Ateneo de Manila University,,,,,,,,,,,,,,,,,,,,,,
Samantha,Sellers,1997-05-08,Ateneo de Manila University,,,,,,,,,,,,,,,,,,,,,,
Belen,Franklin,1994-12-01,Ateneo de Manila University,,,,,,,,,,,,,,,,,,,,,,
Adan,Stewart,1998-01-28,Ateneo de Manila University,,,,,,,,,,,,,,,,,,,,,,
Elliot,Olsen,1995-02-16,Ateneo de Manila University,,,,,,,,,,,,,,,,,,,,,,
Frankie,Leblanc,1996-02-20,Ateneo de Manila University,,,,,,,,,,,,,,,,,,,,,,
Kayden,Oliver,1996-01-09,Ateneo de Manila University,,,,,,,,,,,,,,,,,,,,,,
Jessica,Barton,1998-09-02,Ateneo de Manila University,,,,,,,,,,,,,,,,,,,,,,
Kendra,Hewitt,1996-12-09,Ateneo de Manila University,,,,,,,,,,,,,,,,,,,,,,
Holden,Reyes,1994-12-09,Ateneo de Manila University,,,,,,,,,,,,,,,,,,,,,,
Kenny,Beasley,1996-01-06,Ateneo de Manila University,,,,,,,,,,,,,,,,,,,,,,
Amari,Alford,1997-04-19,Ateneo de Manila University,,,,,,,,,,,,,,,,,,,,,,
Dustin,Contreras,1994-05-31,Ateneo de Manila University,,,,,,,,,,,,,,,,,,,,,,
Angeline,Gillespie,1993-11-18,Ateneo de Manila University,,,,,,,,,,,,,,,,,,,,,,
Donovan,Hart,1998-12-17,Ateneo de Manila University,,,,,,,,,,,,,,,,,,,,,,
June,Knapp,1994-06-21,Ateneo de Manila University,,,,,,,,,,,,,,,,,,,,,,
Chelsea,Rogers,1996-04-01,Ateneo de Manila University,,,,,,,,,,,,,,,,,,,,,,
Ross,Hensley,1997-11-26,Ateneo de Manila University,,,,,,,,,,,,,,,,,,,,,,
Devon,Mejia,1994-03-10,Ateneo de Manila University,,,,,,,,,,,,,,,,,,,,,,
Adrianna,Barnes,1997-11-28,Ateneo de Manila University,,,,,,,,,,,,,,,,,,,,,,
Lana,Pena,1994-01-01,Ateneo de Manila University,,,,,,,,,,,,,,,,,,,,,,
Frank,Blackwell,1993-04-20,Ateneo de Manila University,,,,,,,,,,,,,,,,,,,,,,
Seth,Melton,1993-12-12,Ateneo de Manila University,,,,,,,,,,,,,,,,,,,,,,
Enrique,Mckenzie,1993-03-31,Ateneo de Manila University,,,,,,,,,,,,,,,,,,,,,,
Adam,Estrada,1993-12-25,Ateneo de Manila University,,,,,,,,,,,,,,,,,,,,,,
Rocco,Russo,1992-10-27,Ateneo de Manila University,,,,,,,,,,,,,,,,,,,,,,
Nora,Aguilar,1993-01-08,Ateneo de Manila University,,,,,,,,,,,,,,,,,,,,,,
Kody,Whitfield,1997-12-16,Ateneo de Manila University,,,,,,,,,,,,,,,,,,,,,,
Ryan,Ross,1993-08-11,Ateneo de Manila University,,,,,,,,,,,,,,,,,,,,,,
Gracie,Atkins,1992-10-09,Ateneo de Manila University,,,,,,,,,,,,,,,,,,,,,,
Bo,Pollard,1997-09-08,Ateneo de Manila University,,,,,,,,,,,,,,,,,,,,,,
Dalton,Franklin,1995-09-14,Ateneo de Manila University,,,,,,,,,,,,,,,,,,,,,,
Dallas,Pierce,1998-01-17,Ateneo de Manila University,,,,,,,,,,,,,,,,,,,,,,
Gideon,Walter,1997-09-18,Ateneo de Manila University,,,,,,,,,,,,,,,,,,,,,,
Jaidyn,Brewer,1992-11-18,Ateneo de Manila University,,,,,,,,,,,,,,,,,,,,,,
Braiden,Mcintyre,1996-08-07,Ateneo de Manila University,,,,,,,,,,,,,,,,,,,,,,
Deangelo,Phillips,1998-05-22,Ateneo de Manila University,,,,,,,,,,,,,,,,,,,,,,
Chana,Sutton,1993-12-04,Ateneo de Manila University,,,,,,,,,,,,,,,,,,,,,,
Sarah,Mcneil,1993-05-04,Ateneo de Manila University,,,,,,,,,,,,,,,,,,,,,,
Charleigh,Walker,1993-09-01,Ateneo de Manila University,,,,,,,,,,,,,,,,,,,,,,
Alena,Sandoval,1996-06-25,Ateneo de Manila University,,,,,,,,,,,,,,,,,,,,,,
Brayan,Wilder,1994-01-31,Ateneo de Manila University,,,,,,,,,,,,,,,,,,,,,,
Brenna,Cole,1994-07-28,Ateneo de Manila University,,,,,,,,,,,,,,,,,,,,,,
Keenan,Norris,1992-01-15,Ateneo de Manila University,,,,,,,,,,,,,,,,,,,,,,
Gustavo,Hanson,1992-10-08,Ateneo de Manila University,,,,,,,,,,,,,,,,,,,,,,
Clarissa,Soto,1994-01-27,Ateneo de Manila University,,,,,,,,,,,,,,,,,,,,,,
Lauryn,Hawkins,1992-05-03,Ateneo de Manila University,,,,,,,,,,,,,,,,,,,,,,
Ramiro,Buchanan,1993-03-05,Ateneo de Manila University,,,,,,,,,,,,,,,,,,,,,,
Fatima,Hewitt,1998-06-14,Ateneo de Manila University,,,,,,,,,,,,,,,,,,,,,,
Deegan,Chen,1993-03-10,Ateneo de Manila University,,,,,,,,,,,,,,,,,,,,,,
Brandon,Wise,1997-11-20,Ateneo de Manila University,,,,,,,,,,,,,,,,,,,,,,
Karlee,Lopez,1995-06-07,Ateneo de Manila University,,,,,,,,,,,,,,,,,,,,,,
Alice,Dixon,1995-11-13,Ateneo de Manila University,,,,,,,,,,,,,,,,,,,,,,
Kaiden,Mullins,1996-07-26,Ateneo de Manila University,,,,,,,,,,,,,,,,,,,,,,
Darien,Sweeney,1996-03-10,Ateneo de Manila University,,,,,,,,,,,,,,,,,,,,,,
Audrina,Baxter,1994-03-01,Ateneo de Manila University,,,,,,,,,,,,,,,,,,,,,,
Genesis,Hernandez,1998-11-23,Ateneo de Manila University,,,,,,,,,,,,,,,,,,,,,,
Monica,Miles,1992-10-27,Ateneo de Manila University,,,,,,,,,,,,,,,,,,,,,,
Randall,Knight,1992-01-14,Ateneo de Manila University,,,,,,,,,,,,,,,,,,,,,,
Ty,Holden,1996-10-14,Ateneo de Manila University,,,,,,,,,,,,,,,,,,,,,,
Drew,Kaufman,1996-11-11,Ateneo de Manila University,,,,,,,,,,,,,,,,,,,,,,
Braxton,Potts,1996-06-01,Ateneo de Manila University,,,,,,,,,,,,,,,,,,,,,,
Titus,Small,1995-06-07,Ateneo de Manila University,,,,,,,,,,,,,,,,,,,,,,
Leighton,Cline,1997-05-24,Ateneo de Manila University,,,,,,,,,,,,,,,,,,,,,,
Jadyn,Bentley,1995-04-12,Ateneo de Manila University,,,,,,,,,,,,,,,,,,,,,,
Reagan,Mcmillan,1998-06-14,Ateneo de Manila University,,,,,,,,,,,,,,,,,,,,,,
Lila,Holmes,1995-05-02,Ateneo de Manila University,,,,,,,,,,,,,,,,,,,,,,
Conor,Deleon,1992-10-26,Ateneo de Manila University,,,,,,,,,,,,,,,,,,,,,,
Erica,Moon,1995-06-25,Ateneo de Manila University,,,,,,,,,,,,,,,,,,,,,,
Eileen,Newman,1998-10-18,Ateneo de Manila University,,,,,,,,,,,,,,,,,,,,,,
Aryan,Owen,1997-11-21,Ateneo de Manila University,,,,,,,,,,,,,,,,,,,,,,
Cameron,Mcintyre,1995-10-08,Ateneo de Manila University,,,,,,,,,,,,,,,,,,,,,,
Brice,Mack,1997-11-07,Ateneo de Manila University,,,,,,,,,,,,,,,,,,,,,,
Trystan,Daugherty,1997-02-25,Ateneo de Manila University,,,,,,,,,,,,,,,,,,,,,,
Jeffery,Dean,1997-06-29,Ateneo de Manila University,,,,,,,,,,,,,,,,,,,,,,
Rogelio,Barnett,1992-09-21,Ateneo de Manila University,,,,,,,,,,,,,,,,,,,,,,
August,Conley,1998-08-22,Ateneo de Manila University,,,,,,,,,,,,,,,,,,,,,,
Maliah,Austin,1995-07-01,Ateneo de Manila University,,,,,,,,,,,,,,,,,,,,,,
Josiah,Mays,1996-01-14,Ateneo de Manila University,,,,,,,,,,,,,,,,,,,,,,
Nicole,Griffin,1992-04-19,Ateneo de Manila University,,,,,,,,,,,,,,,,,,,,,,
Fernanda,Vance,1992-01-09,Ateneo de Manila University,,,,,,,,,,,,,,,,,,,,,,
Channing,Faulkner,1994-11-08,Ateneo de Manila University,,,,,,,,,,,,,,,,,,,,,,
Lizbeth,Mccray,1996-12-26,Ateneo de Manila University,,,,,,,,,,,,,,,,,,,,,,
Halle,Cobb,1994-08-17,Ateneo de Manila University,,,,,,,,,,,,,,,,,,,,,,
Princeton,Church,1996-09-23,Ateneo de Manila University,,,,,,,,,,,,,,,,,,,,,,
Ernesto,Sykes,1994-11-11,Ateneo de Manila University,,,,,,,,,,,,,,,,,,,,,,
Allison,Marshall,1994-12-07,Ateneo de Manila University,,,,,,,,,,,,,,,,,,,,,,
Julien,Cabrera,1997-01-28,Ateneo de Manila University,,,,,,,,,,,,,,,,,,,,,,
Kyra,Callahan,1993-04-06,Ateneo de Manila University,,,,,,,,,,,,,,,,,,,,,,
Ruben,Callahan,1998-11-08,Ateneo de Manila University,,,,,,,,,,,,,,,,,,,,,,
Kaia,Shaw,1993-07-19,Ateneo de Manila University,,,,,,,,,,,,,,,,,,,,,,
Alayna,Cardenas,1998-02-09,Ateneo de Manila University,,,,,,,,,,,,,,,,,,,,,,
Issac,Hall,1994-02-28,Ateneo de Manila University,,,,,,,,,,,,,,,,,,,,,,
Brynn,Humphrey,1992-08-19,Ateneo de Manila University,,,,,,,,,,,,,,,,,,,,,,
Zane,Cohen,1992-07-13,Ateneo de Manila University,,,,,,,,,,,,,,,,,,,,,,
Sidney,Willis,1993-11-25,Ateneo de Manila University,,,,,,,,,,,,,,,,,,,,,,
Danna,Holt,1997-09-05,Ateneo de Manila University,,,,,,,,,,,,,,,,,,,,,,
Desiree,Miranda,1992-11-16,Ateneo de Manila University,,,,,,,,,,,,,,,,,,,,,,
Agustin,Barber,1992-06-05,Ateneo de Manila University,,,,,,,,,,,,,,,,,,,,,,
Maxim,Holt,1996-03-27,Ateneo de Manila University,,,,,,,,,,,,,,,,,,,,,,
Rowen,Pugh,1995-05-09,Ateneo de Manila University,,,,,,,,,,,,,,,,,,,,,,
Hugh,Hunter,1993-07-19,Ateneo de Manila University,,,,,,,,,,,,,,,,,,,,,,
Ty,Drake,1998-10-07,Ateneo de Manila University,,,,,,,,,,,,,,,,,,,,,,
Kayson,Roy,1998-02-19,Ateneo de Manila University,,,,,,,,,,,,,,,,,,,,,,
Orion,Parrish,1998-02-03,Ateneo de Manila University,,,,,,,,,,,,,,,,,,,,,,
Ahmed,Merrill,1998-01-24,Ateneo de Manila University,,,,,,,,,,,,,,,,,,,,,,
Hope,Perez,1996-07-06,Ateneo de Manila University,,,,,,,,,,,,,,,,,,,,,,
Kaeden,Cotton,1994-02-07,Ateneo de Manila University,,,,,,,,,,,,,,,,,,,,,,
Skylar,Daugherty,1995-04-25,Ateneo de Manila University,,,,,,,,,,,,,,,,,,,,,,
Robert,Hill,1996-08-05,Ateneo de Manila University,,,,,,,,,,,,,,,,,,,,,,
Julianna,Farmer,1995-02-03,Ateneo de Manila University,,,,,,,,,,,,,,,,,,,,,,
Bianca,Gregory,1992-03-14,Ateneo de Manila University,,,,,,,,,,,,,,,,,,,,,,
Sasha,Prince,1996-12-31,Ateneo de Manila University,,,,,,,,,,,,,,,,,,,,,,
Maritza,Larson,1992-06-15,Ateneo de Manila University,,,,,,,,,,,,,,,,,,,,,,
Braylen,Hines,1994-09-18,Ateneo de Manila University,,,,,,,,,,,,,,,,,,,,,,
Arielle,Burgess,1995-07-13,Ateneo de Manila University,,,,,,,,,,,,,,,,,,,,,,
Braylin,Alston,1997-12-25,Ateneo de Manila University,,,,,,,,,,,,,,,,,,,,,,
Graysen,Wiley,1995-11-21,Ateneo de Manila University,,,,,,,,,,,,,,,,,,,,,,
Whitney,Hogan,1996-04-21,Ateneo de Manila University,,,,,,,,,,,,,,,,,,,,,,
Evie,Howe,1993-02-04,Ateneo de Manila University,,,,,,,,,,,,,,,,,,,,,,
Tripp,Levine,1995-12-16,Ateneo de Manila University,,,,,,,,,,,,,,,,,,,,,,
Sharon,Byrd,1992-07-12,Ateneo de Manila University,,,,,,,,,,,,,,,,,,,,,,
Charlotte,Dennis,1992-07-22,Ateneo de Manila University,,,,,,,,,,,,,,,,,,,,,,
Makhi,Fernandez,1996-01-03,Ateneo de Manila University,,,,,,,,,,,,,,,,,,,,,,
Malachi,Thompson,1992-05-30,Ateneo de Manila University,,,,,,,,,,,,,,,,,,,,,,
Corey,Nixon,1996-05-06,Ateneo de Manila University,,,,,,,,,,,,,,,,,,,,,,
Kristina,Sosa,1995-07-20,Ateneo de Manila University,,,,,,,,,,,,,,,,,,,,,,
Kairi,Edwards,1994-10-05,Ateneo de Manila University,,,,,,,,,,,,,,,,,,,,,,
Sterling,Brown,1996-04-27,Ateneo de Manila University,,,,,,,,,,,,,,,,,,,,,,
Rayan,Schmidt,1993-03-26,Ateneo de Manila University,,,,,,,,,,,,,,,,,,,,,,
Bryanna,Barnes,1996-04-25,Ateneo de Manila University,,,,,,,,,,,,,,,,,,,,,,
Tamia,Reilly,1996-11-19,Ateneo de Manila University,,,,,,,,,,,,,,,,,,,,,,
Alexandra,Patton,1995-04-20,Ateneo de Manila University,,,,,,,,,,,,,,,,,,,,,,
Laurel,Weeks,1992-10-14,Ateneo de Manila University,,,,,,,,,,,,,,,,,,,,,,
Brenna,Hyde,1998-08-28,Ateneo de Manila University,,,,,,,,,,,,,,,,,,,,,,
Nina,Everett,1994-12-10,Ateneo de Manila University,,,,,,,,,,,,,,,,,,,,,,
Melissa,Kelley,1998-03-13,Ateneo de Manila University,,,,,,,,,,,,,,,,,,,,,,
Mikayla,Brooks,1992-12-27,Ateneo de Manila University,,,,,,,,,,,,,,,,,,,,,,
Blaise,Underwood,1993-01-20,Ateneo de Manila University,,,,,,,,,,,,,,,,,,,,,,
Michaela,Johnston,1996-08-07,Ateneo de Manila University,,,,,,,,,,,,,,,,,,,,,,
Lacey,Terry,1998-06-21,Ateneo de Manila University,,,,,,,,,,,,,,,,,,,,,,
Brenna,Perry,1992-05-17,Ateneo de Manila University,,,,,,,,,,,,,,,,,,,,,,
Taliyah,Schneider,1992-03-20,Ateneo de Manila University,,,,,,,,,,,,,,,,,,,,,,
Maverick,Mercado,1997-08-25,Ateneo de Manila University,,,,,,,,,,,,,,,,,,,,,,
Kayden,Houston,1993-03-24,Ateneo de Manila University,,,,,,,,,,,,,,,,,,,,,,
Daniella,Washington,1996-10-29,Ateneo de Manila University,,,,,,,,,,,,,,,,,,,,,,
Adriel,Salinas,1996-02-21,Ateneo de Manila University,,,,,,,,,,,,,,,,,,,,,,
Odin,Kerr,1996-09-05,Ateneo de Manila University,,,,,,,,,,,,,,,,,,,,,,
Scarlett,Kidd,1992-10-21,Ateneo de Manila University,,,,,,,,,,,,,,,,,,,,,,
Brysen,Steele,1997-11-01,Ateneo de Manila University,,,,,,,,,,,,,,,,,,,,,,
Celeste,Shepard,1994-10-26,Ateneo de Manila University,,,,,,,,,,,,,,,,,,,,,,
Dillon,Olsen,1996-05-10,Ateneo de Manila University,,,,,,,,,,,,,,,,,,,,,,
Deanna,Harrison,1997-07-27,Ateneo de Manila University,,,,,,,,,,,,,,,,,,,,,,
Kimberly,Saunders,1998-05-18,Ateneo de Manila University,,,,,,,,,,,,,,,,,,,,,,
Delaney,Small,1996-05-17,Ateneo de Manila University,,,,,,,,,,,,,,,,,,,,,,
Ivan,Holt,1995-07-08,Ateneo de Manila University,,,,,,,,,,,,,,,,,,,,,,
Lauryn,Juarez,1995-09-08,Ateneo de Manila University,,,,,,,,,,,,,,,,,,,,,,
Keegan,Rogers,1993-12-11,Ateneo de Manila University,,,,,,,,,,,,,,,,,,,,,,
Caydence,Page,1992-08-19,Ateneo de Manila University,,,,,,,,,,,,,,,,,,,,,,
Cindy,Cash,1994-01-04,Ateneo de Manila University,,,,,,,,,,,,,,,,,,,,,,
Mckenna,Harrington,1993-04-12,Ateneo de Manila University,,,,,,,,,,,,,,,,,,,,,,
Taraji,Rhodes,1997-12-11,Ateneo de Manila University,,,,,,,,,,,,,,,,,,,,,,
Lindsay,Cochran,1996-04-25,Ateneo de Manila University,,,,,,,,,,,,,,,,,,,,,,
Cruz,Hinton,1998-04-18,Ateneo de Manila University,,,,,,,,,,,,,,,,,,,,,,
Alayah,Pennington,1993-11-13,Ateneo de Manila University,,,,,,,,,,,,,,,,,,,,,,
Lena,Mclean,1994-07-11,Ateneo de Manila University,,,,,,,,,,,,,,,,,,,,,,
Calvin,Solis,1997-12-11,Ateneo de Manila University,,,,,,,,,,,,,,,,,,,,,,
Sylvia,Black,1994-02-15,Ateneo de Manila University,,,,,,,,,,,,,,,,,,,,,,
Alvin,Dodson,1993-05-27,Ateneo de Manila University,,,,,,,,,,,,,,,,,,,,,,
Jaiden,Frederick,1997-02-13,Ateneo de Manila University,,,,,,,,,,,,,,,,,,,,,,
Miah,Allison,1996-02-17,Ateneo de Manila University,,,,,,,,,,,,,,,,,,,,,,
Leona,Lane,1996-03-28,Ateneo de Manila University,,,,,,,,,,,,,,,,,,,,,,
Mauricio,Cohen,1997-08-31,Ateneo de Manila University,,,,,,,,,,,,,,,,,,,,,,
Anika,Dalton,1996-09-28,Ateneo de Manila University,,,,,,,,,,,,,,,,,,,,,,
Derek,Newton,1994-04-06,Ateneo de Manila University,,,,,,,,,,,,,,,,,,,,,,
Cody,Calderon,1994-01-19,Ateneo de Manila University,,,,,,,,,,,,,,,,,,,,,,
Larissa,Ewing,1996-10-14,Ateneo de Manila University,,,,,,,,,,,,,,,,,,,,,,
Rowan,Harding,1993-03-21,Ateneo de Manila University,,,,,,,,,,,,,,,,,,,,,,
Cristopher,Hoover,1992-01-23,Ateneo de Manila University,,,,,,,,,,,,,,,,,,,,,,
Camille,Frazier,1997-05-11,Ateneo de Manila University,,,,,,,,,,,,,,,,,,,,,,
Zaria,Hall,1995-01-14,Ateneo de Manila University,,,,,,,,,,,,,,,,,,,,,,
Liv,Gardner,1996-08-08,Ateneo de Manila University,,,,,,,,,,,,,,,,,,,,,,
Matthew,Ferguson,1995-11-21,Ateneo de Manila University,,,,,,,,,,,,,,,,,,,,,,
Matthias,Reynolds,1996-05-11,Ateneo de Manila University,,,,,,,,,,,,,,,,,,,,,,
Giovanni,Wade,1993-07-11,Ateneo de Manila University,,,,,,,,,,,,,,,,,,,,,,
Kason,Frank,1996-02-13,Ateneo de Manila University,,,,,,,,,,,,,,,,,,,,,,
Emilie,Gardner,1994-02-24,Ateneo de Manila University,,,,,,,,,,,,,,,,,,,,,,
Ralph,Burton,1993-04-13,Ateneo de Manila University,,,,,,,,,,,,,,,,,,,,,,
Ean,Cooke,1997-04-17,Ateneo de Manila University,,,,,,,,,,,,,,,,,,,,,,
Mohammad,Tillman,1998-10-21,Ateneo de Manila University,,,,,,,,,,,,,,,,,,,,,,
Jerome,Tran,1993-09-21,Ateneo de Manila University,,,,,,,,,,,,,,,,,,,,,,
Lillie,Owen,1992-08-05,Ateneo de Manila University,,,,,,,,,,,,,,,,,,,,,,
Lorelai,Lynn,1995-10-05,Ateneo de Manila University,,,,,,,,,,,,,,,,,,,,,,
Ashley,Figueroa,1995-02-11,Ateneo de Manila University,,,,,,,,,,,,,,,,,,,,,,
Annabelle,Hickman,1998-09-22,Ateneo de Manila University,,,,,,,,,,,,,,,,,,,,,,
Julien,Gross,1993-06-08,Ateneo de Manila University,,,,,,,,,,,,,,,,,,,,,,
Jada,Mccray,1992-09-23,Ateneo de Manila University,,,,,,,,,,,,,,,,,,,,,,
Steven,Harding,1997-10-20,Ateneo de Manila University,,,,,,,,,,,,,,,,,,,,,,
Julien,Kidd,1993-07-13,Ateneo de Manila University,,,,,,,,,,,,,,,,,,,,,,
Analia,Black,1992-10-22,Ateneo de Manila University,,,,,,,,,,,,,,,,,,,,,,
Marcos,Morse,1997-03-19,Ateneo de Manila University,,,,,,,,,,,,,,,,,,,,,,
Elvis,Parrish,1998-10-25,Ateneo de Manila University,,,,,,,,,,,,,,,,,,,,,,
Bryant,Hahn,1998-05-07,Ateneo de Manila University,,,,,,,,,,,,,,,,,,,,,,
Mekhi,Reid,1998-06-17,Ateneo de Manila University,,,,,,,,,,,,,,,,,,,,,,
Ulises,Kennedy,1996-05-02,Ateneo de Manila University,,,,,,,,,,,,,,,,,,,,,,
Dorothy,Dillon,1998-10-24,Ateneo de Manila University,,,,,,,,,,,,,,,,,,,,,,
Luka,Welch,1998-02-18,Ateneo de Manila University,,,,,,,,,,,,,,,,,,,,,,
Yareli,Duran,1994-08-14,Ateneo de Manila University,,,,,,,,,,,,,,,,,,,,,,
Amaya,Mercado,1992-12-21,Ateneo de Manila University,,,,,,,,,,,,,,,,,,,,,,
Calvin,Holmes,1996-07-13,Ateneo de Manila University,,,,,,,,,,,,,,,,,,,,,,
Braydon,Dunlap,1998-03-07,Ateneo de Manila University,,,,,,,,,,,,,,,,,,,,,,
Delilah,Chen,1993-04-09,Ateneo de Manila University,,,,,,,,,,,,,,,,,,,,,,
Rodolfo,Singleton,1998-02-17,Ateneo de Manila University,,,,,,,,,,,,,,,,,,,,,,
Alisson,Talley,1997-07-13,Ateneo de Manila University,,,,,,,,,,,,,,,,,,,,,,
Reese,Hoover,1997-05-19,Ateneo de Manila University,,,,,,,,,,,,,,,,,,,,,,
Elin,Guerra,1997-06-01,Ateneo de Manila University,,,,,,,,,,,,,,,,,,,,,,
Abbey,Wheeler,1994-04-20,Ateneo de Manila University,,,,,,,,,,,,,,,,,,,,,,
Devon,Holt,1996-01-21,Ateneo de Manila University,,,,,,,,,,,,,,,,,,,,,,
Luca,Hopkins,1992-04-13,Ateneo de Manila University,,,,,,,,,,,,,,,,,,,,,,
Gustavo,Hooper,1992-04-06,Ateneo de Manila University,,,,,,,,,,,,,,,,,,,,,,
Dawson,Patterson,1997-10-03,Ateneo de Manila University,,,,,,,,,,,,,,,,,,,,,,
Kade,Kirk,1996-09-21,Ateneo de Manila University,,,,,,,,,,,,,,,,,,,,,,
Giovanny,Torres,1994-05-15,Ateneo de Manila University,,,,,,,,,,,,,,,,,,,,,,
Xander,Hansen,1997-11-02,Ateneo de Manila University,,,,,,,,,,,,,,,,,,,,,,
Paulina,Hansen,1997-05-24,Ateneo de Manila University,,,,,,,,,,,,,,,,,,,,,,
Luciana,Vaughan,1997-07-01,Ateneo de Manila University,,,,,,,,,,,,,,,,,,,,,,
Stephen,Holman,1994-08-05,Ateneo de Manila University,,,,,,,,,,,,,,,,,,,,,,
Salvatore,Farmer,1994-04-04,Ateneo de Manila University,,,,,,,,,,,,,,,,,,,,,,
Quinten,Spencer,1997-01-16,Ateneo de Manila University,,,,,,,,,,,,,,,,,,,,,,
Ayden,Boyle,1992-04-26,Ateneo de Manila University,,,,,,,,,,,,,,,,,,,,,,
Curtis,Hughes,1997-01-09,Ateneo de Manila University,,,,,,,,,,,,,,,,,,,,,,
Jaida,Bradshaw,1996-05-31,Ateneo de Manila University,,,,,,,,,,,,,,,,,,,,,,
Ashlynn,Franco,1992-03-04,Ateneo de Manila University,,,,,,,,,,,,,,,,,,,,,,
Mauricio,Blake,1995-05-04,Ateneo de Manila University,,,,,,,,,,,,,,,,,,,,,,
Haylee,Hart,1998-03-07,Ateneo de Manila University,,,,,,,,,,,,,,,,,,,,,,
Solomon,Mullins,1997-02-06,Ateneo de Manila University,,,,,,,,,,,,,,,,,,,,,,
Peyton,Snow,1997-01-08,Ateneo de Manila University,,,,,,,,,,,,,,,,,,,,,,
Kayden,Baird,1996-11-18,Ateneo de Manila University,,,,,,,,,,,,,,,,,,,,,,
Ainsley,Hendrix,1995-02-14,Ateneo de Manila University,,,,,,,,,,,,,,,,,,,,,,
Bryanna,Barrett,1993-07-02,Ateneo de Manila University,,,,,,,,,,,,,,,,,,,,,,
Zayne,Marquez,1992-06-28,Ateneo de Manila University,,,,,,,,,,,,,,,,,,,,,,
Katherine,Wagner,1993-08-04,Ateneo de Manila University,,,,,,,,,,,,,,,,,,,,,,
Anders,Oneill,1995-03-07,Ateneo de Manila University,,,,,,,,,,,,,,,,,,,,,,
Amanda,Steele,1997-04-27,Ateneo de Manila University,,,,,,,,,,,,,,,,,,,,,,
Hailey,Steele,1995-06-17,Ateneo de Manila University,,,,,,,,,,,,,,,,,,,,,,
Jairo,Jefferson,1994-01-26,Ateneo de Manila University,,,,,,,,,,,,,,,,,,,,,,
Regan,Wolfe,1995-04-19,Ateneo de Manila University,,,,,,,,,,,,,,,,,,,,,,
Alexis,Lynch,1995-01-06,Ateneo de Manila University,,,,,,,,,,,,,,,,,,,,,,
Danny,Valdez,1995-02-23,Ateneo de Manila University,,,,,,,,,,,,,,,,,,,,,,
Amara,Thomas,1993-03-20,Ateneo de Manila University,,,,,,,,,,,,,,,,,,,,,,
Emilio,Guzman,1994-06-13,Ateneo de Manila University,,,,,,,,,,,,,,,,,,,,,,
Alexia,Miller,1996-10-08,Ateneo de Manila University,,,,,,,,,,,,,,,,,,,,,,
Corinne,Callahan,1998-07-30,Ateneo de Manila University,,,,,,,,,,,,,,,,,,,,,,
Eve,Stokes,1996-10-25,Ateneo de Manila University,,,,,,,,,,,,,,,,,,,,,,
Kellan,Watson,1992-01-25,Ateneo de Manila University,,,,,,,,,,,,,,,,,,,,,,
Franco,Dorsey,1998-04-19,Ateneo de Manila University,,,,,,,,,,,,,,,,,,,,,,
Nicole,Stewart,1996-08-14,Ateneo de Manila University,,,,,,,,,,,,,,,,,,,,,,
Brock,Boyer,1995-10-06,Ateneo de Manila University,,,,,,,,,,,,,,,,,,,,,,
Conner,Burks,1995-11-19,Ateneo de Manila University,,,,,,,,,,,,,,,,,,,,,,
Colten,Rollins,1993-07-11,Ateneo de Manila University,,,,,,,,,,,,,,,,,,,,,,
London,Mccarthy,1998-01-14,Ateneo de Manila University,,,,,,,,,,,,,,,,,,,,,,
Elias,Ewing,1994-08-12,Ateneo de Manila University,,,,,,,,,,,,,,,,,,,,,,
Kara,Petersen,1993-02-24,Ateneo de Manila University,,,,,,,,,,,,,,,,,,,,,,
Carla,Vega,1995-03-11,Ateneo de Manila University,,,,,,,,,,,,,,,,,,,,,,
Keyon,Mayer,1997-02-20,Ateneo de Manila University,,,,,,,,,,,,,,,,,,,,,,
Angelina,Hamilton,1997-06-23,Ateneo de Manila University,,,,,,,,,,,,,,,,,,,,,,
Amalia,Gallegos,1997-05-21,Ateneo de Manila University,,,,,,,,,,,,,,,,,,,,,,
Meadow,Mccoy,1993-12-08,Ateneo de Manila University,,,,,,,,,,,,,,,,,,,,,,
Barrett,Mills,1996-03-06,Ateneo de Manila University,,,,,,,,,,,,,,,,,,,,,,
Pierce,Hester,1992-05-18,Ateneo de Manila University,,,,,,,,,,,,,,,,,,,,,,
Shane,Cherry,1993-01-24,Ateneo de Manila University,,,,,,,,,,,,,,,,,,,,,,
Grady,Soto,1995-05-09,Ateneo de Manila University,,,,,,,,,,,,,,,,,,,,,,
Phillip,Murray,1996-03-09,Ateneo de Manila University,,,,,,,,,,,,,,,,,,,,,,
Grant,Hebert,1996-04-01,Ateneo de Manila University,,,,,,,,,,,,,,,,,,,,,,
Lucia,Clarke,1993-01-24,Ateneo de Manila University,,,,,,,,,,,,,,,,,,,,,,
Cale,Carey,1996-12-02,Ateneo de Manila University,,,,,,,,,,,,,,,,,,,,,,
Haylie,Shepherd,1997-02-03,Ateneo de Manila University,,,,,,,,,,,,,,,,,,,,,,
Julian,Cunningham,1996-09-07,Ateneo de Manila University,,,,,,,,,,,,,,,,,,,,,,
Demi,Boone,1996-04-15,Ateneo de Manila University,,,,,,,,,,,,,,,,,,,,,,
Eleanor,Larsen,1994-03-30,Ateneo de Manila University,,,,,,,,,,,,,,,,,,,,,,
Janet,Knapp,1995-01-09,Ateneo de Manila University,,,,,,,,,,,,,,,,,,,,,,
Dominick,Mercer,1996-05-16,Ateneo de Manila University,,,,,,,,,,,,,,,,,,,,,,
Jayden,Aguilar,1998-09-27,Ateneo de Manila University,,,,,,,,,,,,,,,,,,,,,,
Matthew,Rosario,1998-12-08,Ateneo de Manila University,,,,,,,,,,,,,,,,,,,,,,
Lilia,Meadows,1996-05-22,Ateneo de Manila University,,,,,,,,,,,,,,,,,,,,,,
Cade,Bowen,1993-03-31,Ateneo de Manila University,,,,,,,,,,,,,,,,,,,,,,
Kyndall,Booth,1995-04-29,Ateneo de Manila University,,,,,,,,,,,,,,,,,,,,,,
Terrence,Cook,1993-03-16,Ateneo de Manila University,,,,,,,,,,,,,,,,,,,,,,
Trevon,Charles,1995-04-06,Ateneo de Manila University,,,,,,,,,,,,,,,,,,,,,,
Ellis,Stark,1995-02-10,Ateneo de Manila University,,,,,,,,,,,,,,,,,,,,,,
Warren,Wolfe,1992-05-27,Ateneo de Manila University,,,,,,,,,,,,,,,,,,,,,,
Josie,Talley,1997-06-20,Ateneo de Manila University,,,,,,,,,,,,,,,,,,,,,,
Blaise,White,1992-08-04,Ateneo de Manila University,,,,,,,,,,,,,,,,,,,,,,
Maleah,Haney,1992-04-26,Ateneo de Manila University,,,,,,,,,,,,,,,,,,,,,,
Bentley,Walter,1995-08-01,Ateneo de Manila University,,,,,,,,,,,,,,,,,,,,,,
Jakayla,Swanson,1992-11-24,Ateneo de Manila University,,,,,,,,,,,,,,,,,,,,,,
Lola,Perez,1995-04-08,Ateneo de Manila University,,,,,,,,,,,,,,,,,,,,,,
Corban,Sherman,1994-05-18,Ateneo de Manila University,,,,,,,,,,,,,,,,,,,,,,
Ruth,Odonnell,1995-08-04,Ateneo de Manila University,,,,,,,,,,,,,,,,,,,,,,
London,Stark,1997-06-27,Ateneo de Manila University,,,,,,,,,,,,,,,,,,,,,,
Joey,Wood,1995-03-08,Ateneo de Manila University,,,,,,,,,,,,,,,,,,,,,,
Jaron,Kirby,1995-01-03,Ateneo de Manila University,,,,,,,,,,,,,,,,,,,,,,
Maurice,Ferrell,1997-03-09,Ateneo de Manila University,,,,,,,,,,,,,,,,,,,,,,
Pearl,Robles,1998-01-28,Ateneo de Manila University,,,,,,,,,,,,,,,,,,,,,,
Harvey,Love,1995-10-13,Ateneo de Manila University,,,,,,,,,,,,,,,,,,,,,,
Fabian,Calderon,1996-08-11,Ateneo de Manila University,,,,,,,,,,,,,,,,,,,,,,
Danna,Weaver,1993-11-20,Ateneo de Manila University,,,,,,,,,,,,,,,,,,,,,,
Jasmine,Juarez,1996-11-26,Ateneo de Manila University,,,,,,,,,,,,,,,,,,,,,,
Mattie,Mullins,1994-01-10,Ateneo de Manila University,,,,,,,,,,,,,,,,,,,,,,
Jayden,Burton,1994-07-01,Ateneo de Manila University,,,,,,,,,,,,,,,,,,,,,,
Leonardo,Knight,1998-11-19,Ateneo de Manila University,,,,,,,,,,,,,,,,,,,,,,
Soren,Riley,1998-04-01,Ateneo de Manila University,,,,,,,,,,,,,,,,,,,,,,
Maxwell,Holloway,1998-10-28,Ateneo de Manila University,,,,,,,,,,,,,,,,,,,,,,
Esmeralda,Rose,1997-01-28,Ateneo de Manila University,,,,,,,,,,,,,,,,,,,,,,
Wendy,Hickman,1998-10-10,Ateneo de Manila University,,,,,,,,,,,,,,,,,,,,,,
James,Avery,1996-09-25,Ateneo de Manila University,,,,,,,,,,,,,,,,,,,,,,
Madilyn,Chavez,1994-07-21,Ateneo de Manila University,,,,,,,,,,,,,,,,,,,,,,
Aiyana,Blankenship,1992-12-07,Ateneo de Manila University,,,,,,,,,,,,,,,,,,,,,,
Johan,Kelly,1996-12-09,Ateneo de Manila University,,,,,,,,,,,,,,,,,,,,,,
Rachel,Griffith,1996-07-17,Ateneo de Manila University,,,,,,,,,,,,,,,,,,,,,,
Bowen,Harrington,1996-12-28,Ateneo de Manila University,,,,,,,,,,,,,,,,,,,,,,
Sidney,Edwards,1992-05-30,Ateneo de Manila University,,,,,,,,,,,,,,,,,,,,,,
Hendrix,Hughes,1993-12-20,Ateneo de Manila University,,,,,,,,,,,,,,,,,,,,,,
Aviana,Reeves,1995-05-02,Ateneo de Manila University,,,,,,,,,,,,,,,,,,,,,,
Jaydon,Hartman,1998-02-28,Ateneo de Manila University,,,,,,,,,,,,,,,,,,,,,,
Lennon,Cline,1992-12-22,Ateneo de Manila University,,,,,,,,,,,,,,,,,,,,,,
Kyndall,Powers,1997-08-25,Ateneo de Manila University,,,,,,,,,,,,,,,,,,,,,,
Darwin,Patterson,1993-10-04,Ateneo de Manila University,,,,,,,,,,,,,,,,,,,,,,
Maya,Waller,1995-12-09,Ateneo de Manila University,,,,,,,,,,,,,,,,,,,,,,
Maddison,Hernandez,1995-11-15,Ateneo de Manila University,,,,,,,,,,,,,,,,,,,,,,
Taliyah,Rowland,1995-09-08,Ateneo de Manila University,,,,,,,,,,,,,,,,,,,,,,
Danielle,Justice,1993-05-30,Ateneo de Manila University,,,,,,,,,,,,,,,,,,,,,,
Ethan,Good,1994-08-16,Ateneo de Manila University,,,,,,,,,,,,,,,,,,,,,,
Chanel,Wallace,1992-10-14,Ateneo de Manila University,,,,,,,,,,,,,,,,,,,,,,
Adyson,Clayton,1998-01-25,Ateneo de Manila University,,,,,,,,,,,,,,,,,,,,,,
Aryan,Mendez,1994-09-02,Ateneo de Manila University,,,,,,,,,,,,,,,,,,,,,,
Anna,Flynn,1995-09-08,Ateneo de Manila University,,,,,,,,,,,,,,,,,,,,,,
Raelyn,Garza,1993-09-14,Ateneo de Manila University,,,,,,,,,,,,,,,,,,,,,,
Desmond,Gamble,1997-07-20,Ateneo de Manila University,,,,,,,,,,,,,,,,,,,,,,
Kason,Watts,1993-11-08,Ateneo de Manila University,,,,,,,,,,,,,,,,,,,,,,
Elliana,Ferguson,1996-01-04,Ateneo de Manila University,,,,,,,,,,,,,,,,,,,,,,
Otto,Higgins,1992-08-23,Ateneo de Manila University,,,,,,,,,,,,,,,,,,,,,,
Thalia,Gonzalez,1993-06-02,Ateneo de Manila University,,,,,,,,,,,,,,,,,,,,,,
Maia,Vaughan,1993-01-11,Ateneo de Manila University,,,,,,,,,,,,,,,,,,,,,,
Melina,Justice,1995-03-01,Ateneo de Manila University,,,,,,,,,,,,,,,,,,,,,,
Eden,Herrera,1996-12-30,Ateneo de Manila University,,,,,,,,,,,,,,,,,,,,,,
April,Massey,1998-09-09,Ateneo de Manila University,,,,,,,,,,,,,,,,,,,,,,
Laila,Hatfield,1996-04-13,Ateneo de Manila University,,,,,,,,,,,,,,,,,,,,,,
Hudson,Skinner,1992-06-23,Ateneo de Manila University,,,,,,,,,,,,,,,,,,,,,,
Riley,Blankenship,1993-08-16,Ateneo de Manila University,,,,,,,,,,,,,,,,,,,,,,
Rodolfo,Hernandez,1997-02-06,Ateneo de Manila University,,,,,,,,,,,,,,,,,,,,,,
Kason,Morris,1998-04-09,Ateneo de Manila University,,,,,,,,,,,,,,,,,,,,,,
Lilian,Parsons,1996-04-22,Ateneo de Manila University,,,,,,,,,,,,,,,,,,,,,,
Davon,Valencia,1994-04-17,Ateneo de Manila University,,,,,,,,,,,,,,,,,,,,,,
Edith,Dyer,1993-11-16,Ateneo de Manila University,,,,,,,,,,,,,,,,,,,,,,
Kaelyn,Harding,1995-03-26,Ateneo de Manila University,,,,,,,,,,,,,,,,,,,,,,
Lewis,Frye,1995-05-24,Ateneo de Manila University,,,,,,,,,,,,,,,,,,,,,,
Anika,Dickerson,1998-03-28,Ateneo de Manila University,,,,,,,,,,,,,,,,,,,,,,
Jeffery,Alston,1996-09-19,Ateneo de Manila University,,,,,,,,,,,,,,,,,,,,,,
Jordan,Lott,1994-09-26,Ateneo de Manila University,,,,,,,,,,,,,,,,,,,,,,
Janelle,Beasley,1994-09-10,Ateneo de Manila University,,,,,,,,,,,,,,,,,,,,,,
Carlee,Howe,1992-07-29,Ateneo de Manila University,,,,,,,,,,,,,,,,,,,,,,
Drew,Foley,1997-07-17,Ateneo de Manila University,,,,,,,,,,,,,,,,,,,,,,
Javion,Sampson,1993-11-15,Ateneo de Manila University,,,,,,,,,,,,,,,,,,,,,,
Gaige,Wilkinson,1993-06-04,Ateneo de Manila University,,,,,,,,,,,,,,,,,,,,,,
Skylar,Young,1997-05-14,Ateneo de Manila University,,,,,,,,,,,,,,,,,,,,,,
Carlee,Davenport,1994-03-27,Ateneo de Manila University,,,,,,,,,,,,,,,,,,,,,,
Renata,Kidd,1998-02-15,Ateneo de Manila University,,,,,,,,,,,,,,,,,,,,,,
Silas,Terrell,1997-02-19,Ateneo de Manila University,,,,,,,,,,,,,,,,,,,,,,
Melvin,Cannon,1995-10-25,Ateneo de Manila University,,,,,,,,,,,,,,,,,,,,,,
Emery,Hunt,1998-07-06,Ateneo de Manila University,,,,,,,,,,,,,,,,,,,,,,
Nathaly,Head,1992-11-28,Ateneo de Manila University,,,,,,,,,,,,,,,,,,,,,,
Justus,Best,1997-10-29,Ateneo de Manila University,,,,,,,,,,,,,,,,,,,,,,
Quentin,Camacho,1997-09-05,Ateneo de Manila University,,,,,,,,,,,,,,,,,,,,,,
Elin,Wynn,1994-03-20,Ateneo de Manila University,,,,,,,,,,,,,,,,,,,,,,
Samuel,Marks,1992-01-20,Ateneo de Manila University,,,,,,,,,,,,,,,,,,,,,,
Sage,Case,1998-02-17,Ateneo de Manila University,,,,,,,,,,,,,,,,,,,,,,
Julian,Warren,1996-12-15,Ateneo de Manila University,,,,,,,,,,,,,,,,,,,,,,
Connor,Davenport,1997-05-07,Ateneo de Manila University,,,,,,,,,,,,,,,,,,,,,,
Alfonso,Johns,1997-04-03,Ateneo de Manila University,,,,,,,,,,,,,,,,,,,,,,
Nehemiah,Gallegos,1997-06-14,Ateneo de Manila University,,,,,,,,,,,,,,,,,,,,,,
Ava Danica,Alimurong,1990-01-28,De La Salle University,,,,,,,,,,,,,,,,,,,,,,
Deanne Cayne,Baldemor,1990-03-28,De La Salle University,,,,,,,,,,,,,,,,,,,,,,
Karl Mikhail,Baluca,1992-02-28,De La Salle University,,,,,,,,,,,,,,,,,,,,,,
Yuri,Banawa,1990-05-09,De La Salle University,,,,,,,,,,,,,,,,,,,,,,
Veeyay Rexel,Banda,1990-08-05,De La Salle University,,,,,,,,,,,,,,,,,,,,,,
Laurence Daryl,Barin,1990-08-07,De La Salle University,,,,,,,,,,,,,,,,,,,,,,
Renzell David,Barros,1992-03-07,De La Salle University,,,,,,,,,,,,,,,,,,,,,,
Vincent Ulap,Camilon,1992-03-16,De La Salle University,,,,,,,,,,,,,,,,,,,,,,
Raffy,Cañares,1990-10-31,De La Salle University,,,,,,,,,,,,,,,,,,,,,,
Neil Cydric,Capistrano,1990-09-28,De La Salle University,,,,,,,,,,,,,,,,,,,,,,
Paula Andrea,Casas,1992-04-28,De La Salle University,,,,,,,,,,,,,,,,,,,,,,
Bianca Marie,Cauyao,1992-08-29,De La Salle University,,,,,,,,,,,,,,,,,,,,,,
George Jose,Cayabyab,1990-09-30,De La Salle University,,,,,,,,,,,,,,,,,,,,,,
Aztec Daniel,Centeno,1992-10-25,De La Salle University,,,,,,,,,,,,,,,,,,,,,,
Ramon Jericho,Cereno Iv,1990-11-06,De La Salle University,,,,,,,,,,,,,,,,,,,,,,
Ralph Reinier,Cobankiat,1992-11-06,De La Salle University,,,,,,,,,,,,,,,,,,,,,,
Dominique,Dagunton,1991-02-16,De La Salle University,,,,,,,,,,,,,,,,,,,,,,
Alvin,De Guzman,1991-06-24,De La Salle University,,,,,,,,,,,,,,,,,,,,,,
Kevin Michael,Dela Cruz,1993-01-26,De La Salle University,,,,,,,,,,,,,,,,,,,,,,
Gian Bernnice,Diaz,1991-07-21,De La Salle University,,,,,,,,,,,,,,,,,,,,,,
Jonas Lanz,Divinagracia,1993-02-17,De La Salle University,,,,,,,,,,,,,,,,,,,,,,
Kurt Ryu Josef,Ebol,1991-11-06,De La Salle University,,,,,,,,,,,,,,,,,,,,,,
Alexander Jr.,Espiritu,1991-12-17,De La Salle University,,,,,,,,,,,,,,,,,,,,,,
Francis John,Fernandez,1991-12-19,De La Salle University,,,,,,,,,,,,,,,,,,,,,,
Markus Luis,Flores,1993-04-20,De La Salle University,,,,,,,,,,,,,,,,,,,,,,
Antonio Jorge,Francisco,1992-03-30,De La Salle University,,,,,,,,,,,,,,,,,,,,,,
Paul Armand,Galang,1992-04-12,De La Salle University,,,,,,,,,,,,,,,,,,,,,,
Lorenzo,Gellada,1993-06-13,De La Salle University,,,,,,,,,,,,,,,,,,,,,,
Reynaldo Miguel,Isidro,1992-04-16,De La Salle University,,,,,,,,,,,,,,,,,,,,,,
Timothy Lawrence,Isleta,1992-06-10,De La Salle University,,,,,,,,,,,,,,,,,,,,,,
Paul Jason,Jarina,1993-07-03,De La Salle University,,,,,,,,,,,,,,,,,,,,,,
Hannie Rachel,King,1993-12-16,De La Salle University,,,,,,,,,,,,,,,,,,,,,,
Juliano,Laguio,1992-07-10,De La Salle University,,,,,,,,,,,,,,,,,,,,,,
Ana Francesca,Laid,1994-04-26,De La Salle University,,,,,,,,,,,,,,,,,,,,,,
Christian Jasper,Lariza,1994-11-16,De La Salle University,,,,,,,,,,,,,,,,,,,,,,
Karmela Louise,Libed,1993-09-14,De La Salle University,,,,,,,,,,,,,,,,,,,,,,
Aldrich,Limheya,1990-04-22,De La Salle University,,,,,,,,,,,,,,,,,,,,,,
Julia Anastasha,Lopez-pozas,1990-05-13,De La Salle University,,,,,,,,,,,,,,,,,,,,,,
Aliana,Magtoto,1993-11-22,De La Salle University,,,,,,,,,,,,,,,,,,,,,,
Karl Isaac,Malabuyo,1993-11-26,De La Salle University,,,,,,,,,,,,,,,,,,,,,,
Jose Gabriel,Mariano,1990-07-28,De La Salle University,,,,,,,,,,,,,,,,,,,,,,
Frances Adrianne,Medina,1994-04-23,De La Salle University,,,,,,,,,,,,,,,,,,,,,,
Lourdes,Mendoza,1992-09-24,De La Salle University,,,,,,,,,,,,,,,,,,,,,,
Ronnel,Mendoza,1994-12-23,De La Salle University,,,,,,,,,,,,,,,,,,,,,,
John Carlo,Metharam,1990-09-23,De La Salle University,,,,,,,,,,,,,,,,,,,,,,
John Christian,Miguel,1991-01-31,De La Salle University,,,,,,,,,,,,,,,,,,,,,,
Ieko Lo,Molina,1990-06-07,De La Salle University,,,,,,,,,,,,,,,,,,,,,,
Gienoe,Oblepias,1990-10-07,De La Salle University,,,,,,,,,,,,,,,,,,,,,,
Kim,Oñate,1990-12-11,De La Salle University,,,,,,,,,,,,,,,,,,,,,,
Jan Pauline Mae,Ordones,1990-11-09,De La Salle University,,,,,,,,,,,,,,,,,,,,,,
Jushmel,Panaligan,1991-03-17,De La Salle University,,,,,,,,,,,,,,,,,,,,,,
Richard Lance,Parayno,1991-03-30,De La Salle University,,,,,,,,,,,,,,,,,,,,,,
Ralitsa Edna,Payumo,1991-05-16,De La Salle University,,,,,,,,,,,,,,,,,,,,,,
Sean,Perez,1991-07-29,De La Salle University,,,,,,,,,,,,,,,,,,,,,,
Daniel,Ranario,1991-08-25,De La Salle University,,,,,,,,,,,,,,,,,,,,,,
Christian Glenn,Reyes,1991-05-11,De La Salle University,,,,,,,,,,,,,,,,,,,,,,
Julienne Michaela,Ricafort,1991-10-07,De La Salle University,,,,,,,,,,,,,,,,,,,,,,
Timothy Pierce,Samontina,1991-11-08,De La Salle University,,,,,,,,,,,,,,,,,,,,,,
Elijah,San Pedro,1993-01-20,De La Salle University,,,,,,,,,,,,,,,,,,,,,,
Christin,Santos,1990-01-12,De La Salle University,,,,,,,,,,,,,,,,,,,,,,
Rafael Santiago,Sayson,1990-02-03,De La Salle University,,,,,,,,,,,,,,,,,,,,,,
Christian Erin Faith,Silan,1990-03-31,De La Salle University,,,,,,,,,,,,,,,,,,,,,,
Maria Geraldine,Songco,1990-04-17,De La Salle University,,,,,,,,,,,,,,,,,,,,,,
Angel Phonzo,Tan,1990-04-22,De La Salle University,,,,,,,,,,,,,,,,,,,,,,
Arvin Lauren,Tan,1990-05-13,De La Salle University,,,,,,,,,,,,,,,,,,,,,,
Carl Aaron,Tan,1993-07-14,De La Salle University,,,,,,,,,,,,,,,,,,,,,,
Cathrina Eloisa,Tan,1993-08-28,De La Salle University,,,,,,,,,,,,,,,,,,,,,,
Elizabeth,Tan,1994-01-31,De La Salle University,,,,,,,,,,,,,,,,,,,,,,
Marc Glennrick,Tanenggee,1991-10-20,De La Salle University,,,,,,,,,,,,,,,,,,,,,,
Denmark,Tayong,1994-03-19,De La Salle University,,,,,,,,,,,,,,,,,,,,,,
Darrell Dane,Tin,1994-06-17,De La Salle University,,,,,,,,,,,,,,,,,,,,,,
Manuel Carl,Toleran Jr.,1991-11-20,De La Salle University,,,,,,,,,,,,,,,,,,,,,,
Robin,Young,1992-01-23,De La Salle University,,,,,,,,,,,,,,,,,,,,,,
Abigail,Zamora,1994-06-20,De La Salle University,,,,,,,,,,,,,,,,,,,,,,
, ,,,,,,,,,,,,,,,,,,,,,,,,
